Date,RF_Monthly,TB3MS
1871-01-31,0.0030515915971631724,3.724
1871-02-28,0.0030515915971631724,3.724
1871-03-31,0.0030572324838509246,3.7309999999999994
1871-04-30,0.0030572324838509246,3.7309999999999994
1871-05-31,0.0030572324838509246,3.7309999999999994
1871-06-30,0.0030628730216115674,3.7379999999999995
1871-07-31,0.0030628730216115674,3.7379999999999995
1871-08-31,0.0030628730216115674,3.7379999999999995
1871-09-30,0.0030685132104899537,3.7449999999999997
1871-01-31,0.0030685132104899537,3.7449999999999997
1871-11-30,0.0030685132104899537,3.7449999999999997
1871-12-31,0.003074153050531603,3.752
1872-01-31,0.003074153050531603,3.752
1872-02-29,0.003085431684284101,3.766
1872-03-31,0.003096708923229885,3.7800000000000002
1872-04-30,0.0031079847677293326,3.7939999999999996
1872-05-31,0.00311362216717459,3.8009999999999997
1872-06-30,0.0031248959206808813,3.8149999999999995
1872-07-31,0.0031361682806418933,3.8289999999999997
1872-08-31,0.0031474392474180046,3.843
1872-09-30,0.0031587088213689274,3.8569999999999993
1872-01-31,0.003169977002854374,3.871
1872-11-30,0.003175610571535259,3.8779999999999997
1872-12-31,0.0031868766649973956,3.8919999999999995
1873-01-31,0.0031981413668931147,3.9059999999999997
1873-02-28,0.0031925091898685753,3.8989999999999996
1873-03-31,0.0031868766649973956,3.8919999999999995
1873-04-30,0.0031812437922345005,3.885
1873-05-31,0.003175610571535259,3.8779999999999997
1873-06-30,0.003169977002854374,3.871
1873-07-31,0.003169977002854374,3.871
1873-08-31,0.0031643430861472144,3.8639999999999994
1873-09-30,0.0031587088213689274,3.8569999999999993
1873-01-31,0.0031530742084739938,3.85
1873-11-30,0.0031474392474180046,3.843
1873-12-31,0.003141803938155663,3.836
1874-01-31,0.0031361682806418933,3.8289999999999997
1874-02-28,0.0031192592181432666,3.8080000000000003
1874-03-31,0.003096708923229885,3.7800000000000002
1874-04-30,0.0030797925417811456,3.759
1874-05-31,0.0030628730216115674,3.7379999999999995
1874-06-30,0.0030403087768253734,3.7099999999999995
1874-07-31,0.003023381928235702,3.688999999999999
1874-08-31,0.003006451936862442,3.6679999999999997
1874-09-30,0.0029838737241476565,3.64
1874-01-31,0.0029669363948656713,3.6189999999999993
1874-11-30,0.0029499959187295755,3.597999999999999
1874-12-31,0.002927403719995114,3.5699999999999994
1875-01-31,0.0029104558964430094,3.549
1875-02-28,0.002887853896710979,3.521
1875-03-31,0.002865246292416357,3.4929999999999994
1875-04-30,0.002842633080652357,3.465
1875-05-31,0.002820014258510417,3.437
1875-06-30,0.0027973898230790883,3.4089999999999994
1875-07-31,0.0027747597714447014,3.381
1875-08-31,0.0027521241006918107,3.3529999999999998
1875-09-30,0.002729482807901862,3.3249999999999993
1875-01-31,0.0027068358901547462,3.2969999999999997
1875-11-30,0.002684183344527691,3.2689999999999997
1875-12-31,0.00266152516809548,3.241
1876-01-31,0.0026388613579308995,3.213
1876-02-29,0.0026331945247759503,3.206
1876-03-31,0.0026275273392835086,3.1990000000000003
1876-04-30,0.0026218598014082772,3.1919999999999997
1876-05-31,0.002610523668325593,3.1780000000000004
1876-06-30,0.0026048550730264353,3.1709999999999994
1876-07-31,0.0025991861251610793,3.1639999999999993
1876-08-31,0.0025935168246835616,3.157
1876-09-30,0.002587847171547919,3.15
1876-01-31,0.0025821771657084103,3.143
1876-11-30,0.0025708360957343857,3.129
1876-12-31,0.0025651650315079433,3.122
1877-01-31,0.002559493614394004,3.115
1877-02-28,0.0025538218443466043,3.108
1877-03-31,0.0025481497213200033,3.1009999999999995
1877-04-30,0.0025424772452682376,3.0939999999999994
1877-05-31,0.002536804416145122,3.0869999999999997
1877-06-30,0.0025311312339049152,3.08
1877-07-31,0.0025311312339049152,3.08
1877-08-31,0.002525457698501654,3.0729999999999995
1877-09-30,0.0025197838098893754,3.066
1877-01-31,0.002514109568022116,3.0589999999999997
1877-11-30,0.0025084349728536903,3.052
1877-12-31,0.0025027600243381354,3.0449999999999995
1878-01-31,0.002497084722429488,3.038
1878-02-28,0.0024914090670820066,3.0309999999999997
1878-03-31,0.0024857330582492843,3.024
1878-04-30,0.0024800566958853576,3.017
1878-05-31,0.0024743799799444854,3.0099999999999993
1878-06-30,0.0024687029103802605,3.0029999999999997
1878-07-31,0.0024630254871467194,2.996
1878-08-31,0.002457347710197899,2.9889999999999994
1878-09-30,0.002451669579487614,2.9819999999999998
1878-01-31,0.0024459910949696795,2.9749999999999996
1878-11-30,0.0024403122565983537,2.968
1878-12-31,0.0024346330643270075,2.9610000000000003
1879-01-31,0.0024289535181099,2.9539999999999993
1879-02-28,0.0024175933636538804,2.94
1879-03-31,0.0024119127553223763,2.9330000000000003
1879-04-30,0.0024005504762221186,2.9189999999999996
1879-05-31,0.002389186780230812,2.905
1879-06-30,0.0023835044007856077,2.8979999999999997
1879-07-31,0.0023721385787647264,2.884
1879-08-31,0.0023607713389290907,2.869999999999999
1879-09-30,0.0023550871872151102,2.8629999999999995
1879-01-31,0.0023437178199632314,2.8489999999999998
1879-11-30,0.00233234703397156,2.835
1879-12-31,0.0023266611088326172,2.8279999999999994
1880-01-31,0.002315288194036702,2.813999999999999
1880-02-29,0.0022982261598538667,2.793
1880-03-31,0.002286849695198878,2.779
1880-04-30,0.0022697823344890455,2.7579999999999996
1880-05-31,0.0022527117761941273,2.7369999999999997
1880-06-30,0.0022413296269425675,2.723
1880-07-31,0.002224253736554216,2.7019999999999995
1880-08-31,0.002207174645238119,2.681
1880-09-30,0.0021957868054476304,2.667
1880-01-31,0.00217870237646256,2.646
1880-11-30,0.0021616147432015342,2.625
1880-12-31,0.002150221206920433,2.6109999999999998
1881-01-31,0.0021331282304062338,2.5900000000000003
1881-02-28,0.0021274298588238594,2.5829999999999997
1881-03-31,0.0021274298588238594,2.5829999999999997
1881-04-30,0.0021217311307917264,2.5759999999999996
1881-05-31,0.0021160320462629834,2.569
1881-06-30,0.0021160320462629834,2.569
1881-07-31,0.002110332605191223,2.562
1881-08-31,0.002104632807529594,2.5549999999999997
1881-09-30,0.002104632807529594,2.5549999999999997
1881-01-31,0.0020989326532316888,2.548
1881-11-30,0.002093232142250656,2.541
1881-12-31,0.002093232142250656,2.541
1882-01-31,0.0020875312745398666,2.5340000000000003
1882-02-28,0.0020875312745398666,2.5340000000000003
1882-03-31,0.0020875312745398666,2.5340000000000003
1882-04-30,0.0020875312745398666,2.5340000000000003
1882-05-31,0.0020875312745398666,2.5340000000000003
1882-06-30,0.0020875312745398666,2.5340000000000003
1882-07-31,0.002093232142250656,2.541
1882-08-31,0.002093232142250656,2.541
1882-09-30,0.002093232142250656,2.541
1882-01-31,0.002093232142250656,2.541
1882-11-30,0.002093232142250656,2.541
1882-12-31,0.002093232142250656,2.541
1883-01-31,0.002093232142250656,2.541
1883-02-28,0.002093232142250656,2.541
1883-03-31,0.002093232142250656,2.541
1883-04-30,0.002093232142250656,2.541
1883-05-31,0.002093232142250656,2.541
1883-06-30,0.002093232142250656,2.541
1883-07-31,0.002093232142250656,2.541
1883-08-31,0.0020875312745398666,2.5340000000000003
1883-09-30,0.0020875312745398666,2.5340000000000003
1883-01-31,0.0020875312745398666,2.5340000000000003
1883-11-30,0.0020875312745398666,2.5340000000000003
1883-12-31,0.0020875312745398666,2.5340000000000003
1884-01-31,0.0020875312745398666,2.5340000000000003
1884-02-29,0.002081830050052691,2.5269999999999997
1884-03-31,0.0020761284687424997,2.52
1884-04-30,0.0020761284687424997,2.52
1884-05-31,0.0020704265305624414,2.513
1884-06-30,0.002064724235466109,2.506
1884-07-31,0.0020590215834062064,2.4989999999999997
1884-08-31,0.002053318574336549,2.492
1884-09-30,0.002047615208210063,2.485
1884-01-31,0.002047615208210063,2.485
1884-11-30,0.002041911484980341,2.478
1884-12-31,0.00203620740460031,2.4709999999999996
1885-01-31,0.00203050296702334,2.464
1885-02-28,0.00202479817220258,2.457
1885-03-31,0.0020190930200914003,2.45
1885-04-30,0.0020076816438103773,2.4359999999999995
1885-05-31,0.002001975419546831,2.429
1885-06-30,0.0019962688378056814,2.4219999999999997
1885-07-31,0.0019905618985398554,2.415
1885-08-31,0.0019791469472474343,2.401
1885-09-30,0.0019734389351269144,2.394
1885-01-31,0.0019677305652943122,2.387
1885-11-30,0.0019620218377029985,2.3800000000000003
1885-12-31,0.0019506033090563868,2.3659999999999997
1886-01-31,0.001944893507907386,2.359
1886-02-28,0.0019506033090563868,2.3659999999999997
1886-03-31,0.0019620218377029985,2.3800000000000003
1886-04-30,0.0019677305652943122,2.387
1886-05-31,0.0019734389351269144,2.394
1886-06-30,0.0019791469472474343,2.401
1886-07-31,0.0019905618985398554,2.415
1886-08-31,0.0019962688378056814,2.4219999999999997
1886-09-30,0.002001975419546831,2.429
1886-01-31,0.0020076816438103773,2.4359999999999995
1886-11-30,0.0020190930200914003,2.45
1886-12-31,0.00202479817220258,2.457
1887-01-31,0.00203050296702334,2.464
1887-02-28,0.00203620740460031,2.4709999999999996
1887-03-31,0.002047615208210063,2.485
1887-04-30,0.002053318574336549,2.492
1887-05-31,0.0020590215834062064,2.4989999999999997
1887-06-30,0.002064724235466109,2.506
1887-07-31,0.0020761284687424997,2.52
1887-08-31,0.002081830050052691,2.5269999999999997
1887-09-30,0.0020875312745398666,2.5340000000000003
1887-01-31,0.002093232142250656,2.541
1887-11-30,0.002104632807529594,2.5549999999999997
1887-12-31,0.002110332605191223,2.562
1888-01-31,0.0021160320462629834,2.569
1888-02-29,0.002104632807529594,2.5549999999999997
1888-03-31,0.002093232142250656,2.541
1888-04-30,0.0020875312745398666,2.5340000000000003
1888-05-31,0.0020761284687424997,2.52
1888-06-30,0.002064724235466109,2.506
1888-07-31,0.002053318574336549,2.492
1888-08-31,0.002041911484980341,2.478
1888-09-30,0.00203050296702334,2.464
1888-01-31,0.00202479817220258,2.457
1888-11-30,0.00201338751064295,2.443
1888-12-31,0.002001975419546831,2.429
1889-01-31,0.0019905618985398554,2.415
1889-02-28,0.0019905618985398554,2.415
1889-03-31,0.0019905618985398554,2.415
1889-04-30,0.0019848546017027235,2.408
1889-05-31,0.0019848546017027235,2.408
1889-06-30,0.0019848546017027235,2.408
1889-07-31,0.0019848546017027235,2.408
1889-08-31,0.0019791469472474343,2.401
1889-09-30,0.0019791469472474343,2.401
1889-01-31,0.0019791469472474343,2.401
1889-11-30,0.0019791469472474343,2.401
1889-12-31,0.0019734389351269144,2.394
1890-01-31,0.0019734389351269144,2.394
1890-02-28,0.0019848546017027235,2.408
1890-03-31,0.0019905618985398554,2.415
1890-04-30,0.002001975419546831,2.429
1890-05-31,0.00201338751064295,2.443
1890-06-30,0.0020190930200914003,2.45
1890-07-31,0.00203050296702334,2.464
1890-08-31,0.002041911484980341,2.478
1890-09-30,0.002047615208210063,2.485
1890-01-31,0.0020590215834062064,2.4989999999999997
1890-11-30,0.0020704265305624414,2.513
1890-12-31,0.0020761284687424997,2.52
1891-01-31,0.0020875312745398666,2.5340000000000003
1891-02-28,0.0020875312745398666,2.5340000000000003
1891-03-31,0.0020875312745398666,2.5340000000000003
1891-04-30,0.0020875312745398666,2.5340000000000003
1891-05-31,0.002081830050052691,2.5269999999999997
1891-06-30,0.002081830050052691,2.5269999999999997
1891-07-31,0.002081830050052691,2.5269999999999997
1891-08-31,0.002081830050052691,2.5269999999999997
1891-09-30,0.002081830050052691,2.5269999999999997
1891-01-31,0.002081830050052691,2.5269999999999997
1891-11-30,0.0020761284687424997,2.52
1891-12-31,0.0020761284687424997,2.52
1892-01-31,0.0020761284687424997,2.52
1892-02-29,0.002081830050052691,2.5269999999999997
1892-03-31,0.002093232142250656,2.541
1892-04-30,0.0020989326532316888,2.548
1892-05-31,0.002104632807529594,2.5549999999999997
1892-06-30,0.002110332605191223,2.562
1892-07-31,0.0021217311307917264,2.5759999999999996
1892-08-31,0.0021274298588238594,2.5829999999999997
1892-09-30,0.0021331282304062338,2.5900000000000003
1892-01-31,0.002138826245585257,2.597
1892-11-30,0.002150221206920433,2.6109999999999998
1892-12-31,0.0021559181531694005,2.6180000000000003
1893-01-31,0.0021616147432015342,2.625
1893-02-28,0.0021616147432015342,2.625
1893-03-31,0.0021559181531694005,2.6180000000000003
1893-04-30,0.0021559181531694005,2.6180000000000003
1893-05-31,0.002150221206920433,2.6109999999999998
1893-06-30,0.002150221206920433,2.6109999999999998
1893-07-31,0.002150221206920433,2.6109999999999998
1893-08-31,0.00214452390440778,2.604
1893-09-30,0.00214452390440778,2.604
1893-01-31,0.002138826245585257,2.597
1893-11-30,0.002138826245585257,2.597
1893-12-31,0.0021331282304062338,2.5900000000000003
1894-01-31,0.0021331282304062338,2.5900000000000003
1894-02-28,0.0021217311307917264,2.5759999999999996
1894-03-31,0.002110332605191223,2.562
1894-04-30,0.0020989326532316888,2.548
1894-05-31,0.0020875312745398666,2.5340000000000003
1894-06-30,0.0020761284687424997,2.52
1894-07-31,0.002064724235466109,2.506
1894-08-31,0.002053318574336549,2.492
1894-09-30,0.002041911484980341,2.478
1894-01-31,0.00203050296702334,2.464
1894-11-30,0.0020190930200914003,2.45
1894-12-31,0.0020076816438103773,2.4359999999999995
1895-01-31,0.0019962688378056814,2.4219999999999997
1895-02-28,0.002001975419546831,2.429
1895-03-31,0.0020076816438103773,2.4359999999999995
1895-04-30,0.0020190930200914003,2.45
1895-05-31,0.00202479817220258,2.457
1895-06-30,0.00203050296702334,2.464
1895-07-31,0.00203620740460031,2.4709999999999996
1895-08-31,0.002041911484980341,2.478
1895-09-30,0.002047615208210063,2.485
1895-01-31,0.0020590215834062064,2.4989999999999997
1895-11-30,0.002064724235466109,2.506
1895-12-31,0.0020704265305624414,2.513
1896-01-31,0.0020761284687424997,2.52
1896-02-29,0.002064724235466109,2.506
1896-03-31,0.0020590215834062064,2.4989999999999997
1896-04-30,0.002047615208210063,2.485
1896-05-31,0.00203620740460031,2.4709999999999996
1896-06-30,0.00203050296702334,2.464
1896-07-31,0.0020190930200914003,2.45
1896-08-31,0.0020076816438103773,2.4359999999999995
1896-09-30,0.002001975419546831,2.429
1896-01-31,0.0019905618985398554,2.415
1896-11-30,0.0019791469472474343,2.401
1896-12-31,0.0019734389351269144,2.394
1897-01-31,0.0019620218377029985,2.3800000000000003
1897-02-28,0.0019620218377029985,2.3800000000000003
1897-03-31,0.001956312752306122,2.3729999999999998
1897-04-30,0.001956312752306122,2.3729999999999998
1897-05-31,0.0019506033090563868,2.3659999999999997
1897-06-30,0.0019506033090563868,2.3659999999999997
1897-07-31,0.0019506033090563868,2.3659999999999997
1897-08-31,0.001944893507907386,2.359
1897-09-30,0.001944893507907386,2.359
1897-01-31,0.0019391833488116017,2.3519999999999994
1897-11-30,0.0019391833488116017,2.3519999999999994
1897-12-31,0.0019334728317226269,2.3449999999999998
1898-01-31,0.0019334728317226269,2.3449999999999998
1898-02-28,0.0019220507233770334,2.331
1898-03-31,0.001910627182494462,2.3169999999999997
1898-04-30,0.0018992022086996574,2.303
1898-05-31,0.0018877758016164758,2.2889999999999997
1898-06-30,0.001876347960868996,2.275
1898-07-31,0.001864918686080852,2.261
1898-08-31,0.001847772084249577,2.2399999999999998
1898-09-30,0.0018363392227136455,2.226
1898-01-31,0.0018249049258194372,2.212
1898-11-30,0.0018134691931899205,2.1980000000000004
1898-12-31,0.0018020320244485077,2.184
1899-01-31,0.0017905934192179451,2.17
1899-02-28,0.0017905934192179451,2.17
1899-03-31,0.001796312901418018,2.1769999999999996
1899-04-30,0.001796312901418018,2.1769999999999996
1899-05-31,0.0018020320244485077,2.184
1899-06-30,0.0018020320244485077,2.184
1899-07-31,0.0018077507883569321,2.191
1899-08-31,0.0018077507883569321,2.191
1899-09-30,0.0018077507883569321,2.191
1899-01-31,0.0018134691931899205,2.1980000000000004
1899-11-30,0.0018134691931899205,2.1980000000000004
1899-12-31,0.0018191872389952124,2.205
1900-01-31,0.0018191872389952124,2.205
1900-02-28,0.0018191872389952124,2.205
1900-03-31,0.0018134691931899205,2.1980000000000004
1900-04-30,0.0018134691931899205,2.1980000000000004
1900-05-31,0.0018077507883569321,2.191
1900-06-30,0.0018077507883569321,2.191
1900-07-31,0.0018077507883569321,2.191
1900-08-31,0.0018020320244485077,2.184
1900-09-30,0.0018020320244485077,2.184
1900-01-31,0.001796312901418018,2.1769999999999996
1900-11-30,0.001796312901418018,2.1769999999999996
1900-12-31,0.0017905934192179451,2.17
1901-01-31,0.0017905934192179451,2.17
1901-02-28,0.001796312901418018,2.1769999999999996
1901-03-31,0.001796312901418018,2.1769999999999996
1901-04-30,0.0018020320244485077,2.184
1901-05-31,0.0018077507883569321,2.191
1901-06-30,0.0018077507883569321,2.191
1901-07-31,0.0018134691931899205,2.1980000000000004
1901-08-31,0.0018191872389952124,2.205
1901-09-30,0.0018191872389952124,2.205
1901-01-31,0.0018249049258194372,2.212
1901-11-30,0.0018306222537098904,2.219
1901-12-31,0.0018306222537098904,2.219
1902-01-31,0.0018363392227136455,2.226
1902-02-28,0.0018420558328777759,2.2329999999999997
1902-03-31,0.001847772084249577,2.2399999999999998
1902-04-30,0.0018534879768759005,2.247
1902-05-31,0.0018592035108040417,2.2539999999999996
1902-06-30,0.001864918686080852,2.261
1902-07-31,0.001870633502753405,2.2680000000000002
1902-08-31,0.001876347960868996,2.275
1902-09-30,0.0018820620604742544,2.2819999999999996
1902-01-31,0.0018877758016164758,2.2889999999999997
1902-11-30,0.0018934891843425117,2.2959999999999994
1902-12-31,0.0018992022086996574,2.303
1903-01-31,0.0019049148747345424,2.31
1903-02-28,0.001910627182494462,2.3169999999999997
1903-03-31,0.001916339132026268,2.324
1903-04-30,0.0019220507233770334,2.331
1903-05-31,0.0019220507233770334,2.331
1903-06-30,0.001927761956593388,2.3379999999999996
1903-07-31,0.0019334728317226269,2.3449999999999998
1903-08-31,0.0019391833488116017,2.3519999999999994
1903-09-30,0.001944893507907386,2.359
1903-01-31,0.0019506033090563868,2.3659999999999997
1903-11-30,0.0019506033090563868,2.3659999999999997
1903-12-31,0.001956312752306122,2.3729999999999998
1904-01-31,0.0019620218377029985,2.3800000000000003
1904-02-29,0.0019677305652943122,2.387
1904-03-31,0.0019677305652943122,2.387
1904-04-30,0.0019734389351269144,2.394
1904-05-31,0.0019791469472474343,2.401
1904-06-30,0.0019791469472474343,2.401
1904-07-31,0.0019848546017027235,2.408
1904-08-31,0.0019905618985398554,2.415
1904-09-30,0.0019905618985398554,2.415
1904-01-31,0.0019962688378056814,2.4219999999999997
1904-11-30,0.002001975419546831,2.429
1904-12-31,0.002001975419546831,2.429
1905-01-31,0.0020076816438103773,2.4359999999999995
1905-02-28,0.0020076816438103773,2.4359999999999995
1905-03-31,0.002001975419546831,2.429
1905-04-30,0.002001975419546831,2.429
1905-05-31,0.0019962688378056814,2.4219999999999997
1905-06-30,0.0019962688378056814,2.4219999999999997
1905-07-31,0.0019962688378056814,2.4219999999999997
1905-08-31,0.0019905618985398554,2.415
1905-09-30,0.0019905618985398554,2.415
1905-01-31,0.0019848546017027235,2.408
1905-11-30,0.0019848546017027235,2.408
1905-12-31,0.0019791469472474343,2.401
1906-01-31,0.0019791469472474343,2.401
1906-02-28,0.0019905618985398554,2.415
1906-03-31,0.002001975419546831,2.429
1906-04-30,0.00201338751064295,2.443
1906-05-31,0.00202479817220258,2.457
1906-06-30,0.00203620740460031,2.4709999999999996
1906-07-31,0.002047615208210063,2.485
1906-08-31,0.0020590215834062064,2.4989999999999997
1906-09-30,0.0020704265305624414,2.513
1906-01-31,0.002081830050052691,2.5269999999999997
1906-11-30,0.002093232142250656,2.541
1906-12-31,0.002104632807529594,2.5549999999999997
1907-01-31,0.0021160320462629834,2.569
1907-02-28,0.0021274298588238594,2.5829999999999997
1907-03-31,0.0021331282304062338,2.5900000000000003
1907-04-30,0.00214452390440778,2.604
1907-05-31,0.0021559181531694005,2.6180000000000003
1907-06-30,0.0021616147432015342,2.625
1907-07-31,0.0021730068548015957,2.639
1907-08-31,0.002184397542092764,2.653
1907-09-30,0.002190092351739059,2.6599999999999997
1907-01-31,0.0022014809032651073,2.6739999999999995
1907-11-30,0.0022128680314128513,2.6879999999999997
1907-12-31,0.002218561061836155,2.695
1908-01-31,0.002229946055613885,2.7089999999999996
1908-02-29,0.002224253736554216,2.7019999999999995
1908-03-31,0.002218561061836155,2.695
1908-04-30,0.0022128680314128513,2.6879999999999997
1908-05-31,0.002207174645238119,2.681
1908-06-30,0.0022014809032651073,2.6739999999999995
1908-07-31,0.0022014809032651073,2.6739999999999995
1908-08-31,0.0021957868054476304,2.667
1908-09-30,0.002190092351739059,2.6599999999999997
1908-01-31,0.002184397542092764,2.653
1908-11-30,0.00217870237646256,2.646
1908-12-31,0.0021730068548015957,2.639
1909-01-31,0.0021673109770634635,2.6319999999999997
1909-02-28,0.0021730068548015957,2.639
1909-03-31,0.002184397542092764,2.653
1909-04-30,0.002190092351739059,2.6599999999999997
1909-05-31,0.0021957868054476304,2.667
1909-06-30,0.0022014809032651073,2.6739999999999995
1909-07-31,0.0022128680314128513,2.6879999999999997
1909-08-31,0.002218561061836155,2.695
1909-09-30,0.002224253736554216,2.7019999999999995
1909-01-31,0.002229946055613885,2.7089999999999996
1909-11-30,0.0022413296269425675,2.723
1909-12-31,0.0022470208793048396,2.73
1910-01-31,0.0022527117761941273,2.7369999999999997
1910-02-28,0.00225840231765706,2.7439999999999998
1910-03-31,0.00225840231765706,2.7439999999999998
1910-04-30,0.002264092503740045,2.751
1910-05-31,0.002264092503740045,2.751
1910-06-30,0.0022697823344890455,2.7579999999999996
1910-07-31,0.002275471809951135,2.7649999999999997
1910-08-31,0.002275471809951135,2.7649999999999997
1910-09-30,0.002281160930172277,2.7719999999999994
1910-01-31,0.002281160930172277,2.7719999999999994
1910-11-30,0.002286849695198878,2.779
1910-12-31,0.002286849695198878,2.779
1911-01-31,0.0022925381050773463,2.786
1911-02-28,0.0022925381050773463,2.786
1911-03-31,0.0022982261598538667,2.793
1911-04-30,0.0022982261598538667,2.793
1911-05-31,0.0022982261598538667,2.793
1911-06-30,0.0022982261598538667,2.793
1911-07-31,0.0023039138595752906,2.8
1911-08-31,0.0023039138595752906,2.8
1911-09-30,0.0023039138595752906,2.8
1911-01-31,0.0023039138595752906,2.8
1911-11-30,0.0023096012042873593,2.8069999999999995
1911-12-31,0.0023096012042873593,2.8069999999999995
1912-01-31,0.0023096012042873593,2.8069999999999995
1912-02-29,0.00233234703397156,2.835
1912-03-31,0.002349402680908552,2.856
1912-04-30,0.0023721385787647264,2.884
1912-05-31,0.0023948688053607725,2.9119999999999995
1912-06-30,0.0024119127553223763,2.9330000000000003
1912-07-31,0.0024346330643270075,2.9610000000000003
1912-08-31,0.002457347710197899,2.9889999999999994
1912-09-30,0.0024743799799444854,3.0099999999999993
1912-01-31,0.002497084722429488,3.038
1912-11-30,0.0025197838098893754,3.066
1912-12-31,0.002536804416145122,3.0869999999999997
1913-01-31,0.002559493614394004,3.115
1913-02-28,0.0025481497213200033,3.1009999999999995
1913-03-31,0.0025311312339049152,3.08
1913-04-30,0.0025197838098893754,3.066
1913-05-31,0.0025027600243381354,3.0449999999999995
1913-06-30,0.0024914090670820066,3.0309999999999997
1913-07-31,0.0024800566958853576,3.017
1913-08-31,0.0024630254871467194,2.996
1913-09-30,0.002451669579487614,2.9819999999999998
1913-01-31,0.0024346330643270075,2.9610000000000003
1913-11-30,0.002423273617900845,2.9469999999999996
1913-12-31,0.0024062317928605914,2.9259999999999993
1914-01-31,0.0023948688053607725,2.9119999999999995
1914-02-28,0.0024005504762221186,2.9189999999999996
1914-03-31,0.0024005504762221186,2.9189999999999996
1914-04-30,0.0024062317928605914,2.9259999999999993
1914-05-31,0.0024119127553223763,2.9330000000000003
1914-06-30,0.0024119127553223763,2.9330000000000003
1914-07-31,0.0024175933636538804,2.94
1914-08-31,0.002423273617900845,2.9469999999999996
1914-09-30,0.002423273617900845,2.9469999999999996
1914-01-31,0.0024289535181099,2.9539999999999993
1914-11-30,0.0024346330643270075,2.9610000000000003
1914-12-31,0.0024346330643270075,2.9610000000000003
1915-01-31,0.0024403122565983537,2.968
1915-02-28,0.0024289535181099,2.9539999999999993
1915-03-31,0.002423273617900845,2.9469999999999996
1915-04-30,0.0024119127553223763,2.9330000000000003
1915-05-31,0.0024062317928605914,2.9259999999999993
1915-06-30,0.0023948688053607725,2.9119999999999995
1915-07-31,0.002389186780230812,2.905
1915-08-31,0.0023778216669789742,2.8909999999999996
1915-09-30,0.002366455136096901,2.8770000000000002
1915-01-31,0.0023607713389290907,2.869999999999999
1915-11-30,0.002349402680908552,2.856
1915-12-31,0.0023437178199632314,2.8489999999999998
1916-01-31,0.00233234703397156,2.835
1916-02-29,0.0023437178199632314,2.8489999999999998
1916-03-31,0.002349402680908552,2.856
1916-04-30,0.0023607713389290907,2.869999999999999
1916-05-31,0.002366455136096901,2.8770000000000002
1916-06-30,0.0023778216669789742,2.8909999999999996
1916-07-31,0.0023835044007856077,2.8979999999999997
1916-08-31,0.0023948688053607725,2.9119999999999995
1916-09-30,0.0024005504762221186,2.9189999999999996
1916-01-31,0.0024119127553223763,2.9330000000000003
1916-11-30,0.0024175933636538804,2.94
1916-12-31,0.0024289535181099,2.9539999999999993
1917-01-31,0.0024346330643270075,2.9610000000000003
1917-02-28,0.002451669579487614,2.9819999999999998
1917-03-31,0.0024687029103802605,3.0029999999999997
1917-04-30,0.0024857330582492843,3.024
1917-05-31,0.002497084722429488,3.038
1917-06-30,0.002514109568022116,3.0589999999999997
1917-07-31,0.0025311312339049152,3.08
1917-08-31,0.0025481497213200033,3.1009999999999995
1917-09-30,0.0025651650315079433,3.122
1917-01-31,0.0025821771657084103,3.143
1917-11-30,0.0025935168246835616,3.157
1917-12-31,0.002610523668325593,3.1780000000000004
1918-01-31,0.0026275273392835086,3.1990000000000003
1918-02-28,0.0026218598014082772,3.1919999999999997
1918-03-31,0.0026218598014082772,3.1919999999999997
1918-04-30,0.002616191911104293,3.1849999999999996
1918-05-31,0.002616191911104293,3.1849999999999996
1918-06-30,0.002610523668325593,3.1780000000000004
1918-07-31,0.002610523668325593,3.1780000000000004
1918-08-31,0.0026048550730264353,3.1709999999999994
1918-09-30,0.0025991861251610793,3.1639999999999993
1918-01-31,0.0025991861251610793,3.1639999999999993
1918-11-30,0.0025935168246835616,3.157
1918-12-31,0.0025935168246835616,3.157
1919-01-31,0.002587847171547919,3.15
1919-02-28,0.002610523668325593,3.1780000000000004
1919-03-31,0.0026331945247759503,3.206
1919-04-30,0.0026558597438313125,3.2339999999999995
1919-05-31,0.002678519328422002,3.2620000000000005
1919-06-30,0.0027011732814758993,3.29
1919-07-31,0.002723821605919108,3.318
1919-08-31,0.002740804157233878,3.338999999999999
1919-09-30,0.0027634426386404787,3.367
1919-01-31,0.0027860754994695203,3.3949999999999996
1919-11-30,0.002808702742638003,3.4229999999999996
1919-12-31,0.002831324371060706,3.450999999999999
1920-01-31,0.002853940387649745,3.4789999999999996
1920-02-29,0.002859593515289083,3.486
1920-03-31,0.002865246292416357,3.4929999999999994
1920-04-30,0.002870898719076642,3.4999999999999996
1920-05-31,0.002876550795315458,3.5069999999999997
1920-06-30,0.002882202521178545,3.513999999999999
1920-07-31,0.002887853896710979,3.521
1920-08-31,0.0028935049219582787,3.528
1920-09-30,0.002899155596965741,3.5349999999999993
1920-01-31,0.0029048059217788857,3.542
1920-11-30,0.0029104558964430094,3.549
1920-12-31,0.0029161055210034093,3.5559999999999996
1921-01-31,0.0029217547955056045,3.5629999999999997
1921-02-28,0.002882202521178545,3.513999999999999
1921-03-31,0.002848286909452602,3.4719999999999995
1921-04-30,0.002808702742638003,3.4229999999999996
1921-05-31,0.0027747597714447014,3.381
1921-06-30,0.0027351436583249455,3.3319999999999994
1921-07-31,0.0027011732814758993,3.29
1921-08-31,0.00266152516809548,3.241
1921-09-30,0.0026218598014082772,3.1919999999999997
1921-01-31,0.002587847171547919,3.15
1921-11-30,0.0025481497213200033,3.1009999999999995
1921-12-31,0.002514109568022116,3.0589999999999997
1922-01-31,0.0024743799799444854,3.0099999999999993
1922-02-28,0.0024800566958853576,3.017
1922-03-31,0.0024800566958853576,3.017
1922-04-30,0.0024857330582492843,3.024
1922-05-31,0.0024857330582492843,3.024
1922-06-30,0.0024914090670820066,3.0309999999999997
1922-07-31,0.0024914090670820066,3.0309999999999997
1922-08-31,0.002497084722429488,3.038
1922-09-30,0.002497084722429488,3.038
1922-01-31,0.0025027600243381354,3.0449999999999995
1922-11-30,0.0025027600243381354,3.0449999999999995
1922-12-31,0.0025084349728536903,3.052
1923-01-31,0.0025084349728536903,3.052
1923-02-28,0.002497084722429488,3.038
1923-03-31,0.0024800566958853576,3.017
1923-04-30,0.0024687029103802605,3.0029999999999997
1923-05-31,0.002451669579487614,2.9819999999999998
1923-06-30,0.0024403122565983537,2.968
1923-07-31,0.002423273617900845,2.9469999999999996
1923-08-31,0.0024119127553223763,2.9330000000000003
1923-09-30,0.0023948688053607725,2.9119999999999995
1923-01-31,0.0023835044007856077,2.8979999999999997
1923-11-30,0.002366455136096901,2.8770000000000002
1923-12-31,0.0023550871872151102,2.8629999999999995
1924-01-31,0.0023380326043331845,2.8419999999999996
1924-02-29,0.0023266611088326172,2.8279999999999994
1924-03-31,0.0023209748288697263,2.8209999999999997
1924-04-30,0.0023096012042873593,2.8069999999999995
1924-05-31,0.0022982261598538667,2.793
1924-06-30,0.0022925381050773463,2.786
1924-07-31,0.002281160930172277,2.7719999999999994
1924-08-31,0.0022697823344890455,2.7579999999999996
1924-09-30,0.002264092503740045,2.751
1924-01-31,0.0022527117761941273,2.7369999999999997
1924-11-30,0.0022413296269425675,2.723
1924-12-31,0.002235638019061126,2.716
1925-01-31,0.002224253736554216,2.7019999999999995
1925-02-28,0.002218561061836155,2.695
1925-03-31,0.002207174645238119,2.681
1925-04-30,0.0022014809032651073,2.6739999999999995
1925-05-31,0.002190092351739059,2.6599999999999997
1925-06-30,0.002184397542092764,2.653
1925-07-31,0.0021730068548015957,2.639
1925-08-31,0.0021673109770634635,2.6319999999999997
1925-09-30,0.0021559181531694005,2.6180000000000003
1925-01-31,0.002150221206920433,2.6109999999999998
1925-11-30,0.002138826245585257,2.597
1925-12-31,0.0021331282304062338,2.5900000000000003
1926-01-31,0.0021217311307917264,2.5759999999999996
1926-02-28,0.002104632807529594,2.5549999999999997
1926-03-31,0.0020875312745398666,2.5340000000000003
1926-04-30,0.0020761284687424997,2.52
1926-05-31,0.0020590215834062064,2.4989999999999997
1926-06-30,0.002041911484980341,2.478
1926-07-31,0.00202479817220258,2.457
1926-08-31,0.0020076816438103773,2.4359999999999995
1926-09-30,0.0019905618985398554,2.415
1926-01-31,0.0019791469472474343,2.401
1926-11-30,0.0019620218377029985,2.3800000000000003
1926-12-31,0.001944893507907386,2.359
1927-01-31,0.001927761956593388,2.3379999999999996
1927-02-28,0.001927761956593388,2.3379999999999996
1927-03-31,0.001927761956593388,2.3379999999999996
1927-04-30,0.001927761956593388,2.3379999999999996
1927-05-31,0.001927761956593388,2.3379999999999996
1927-06-30,0.001927761956593388,2.3379999999999996
1927-07-31,0.001927761956593388,2.3379999999999996
1927-08-31,0.0019220507233770334,2.331
1927-09-30,0.0019220507233770334,2.331
1927-01-31,0.0019220507233770334,2.331
1927-11-30,0.0019220507233770334,2.331
1927-12-31,0.0019220507233770334,2.331
1928-01-31,0.0019220507233770334,2.331
1928-02-29,0.0019334728317226269,2.3449999999999998
1928-03-31,0.0019506033090563868,2.3659999999999997
1928-04-30,0.0019620218377029985,2.3800000000000003
1928-05-31,0.0019734389351269144,2.394
1928-06-30,0.0019848546017027235,2.408
1928-07-31,0.002001975419546831,2.429
1928-08-31,0.00201338751064295,2.443
1928-09-30,0.00202479817220258,2.457
1928-01-31,0.00203620740460031,2.4709999999999996
1928-11-30,0.002053318574336549,2.492
1928-12-31,0.002064724235466109,2.506
1929-01-31,0.0020761284687424997,2.52
1929-02-28,0.0020590215834062064,2.4989999999999997
1929-03-31,0.002047615208210063,2.485
1929-04-30,0.00203050296702334,2.464
1929-05-31,0.0020190930200914003,2.45
1929-06-30,0.002001975419546831,2.429
1929-07-31,0.0019905618985398554,2.415
1929-08-31,0.0019734389351269144,2.394
1929-09-30,0.001956312752306122,2.3729999999999998
1929-01-31,0.001944893507907386,2.359
1929-11-30,0.001927761956593388,2.3379999999999996
1929-12-31,0.001916339132026268,2.324
1930-01-31,0.0018992022086996574,2.303
1930-02-28,0.0018992022086996574,2.303
1930-03-31,0.0019049148747345424,2.31
1930-04-30,0.0019049148747345424,2.31
1930-05-31,0.001910627182494462,2.3169999999999997
1930-06-30,0.001910627182494462,2.3169999999999997
1930-07-31,0.001916339132026268,2.324
1930-08-31,0.001916339132026268,2.324
1930-09-30,0.001916339132026268,2.324
1930-01-31,0.0019220507233770334,2.331
1930-11-30,0.0019220507233770334,2.331
1930-12-31,0.001927761956593388,2.3379999999999996
1931-01-31,0.001927761956593388,2.3379999999999996
1931-02-28,0.001944893507907386,2.359
1931-03-31,0.0019620218377029985,2.3800000000000003
1931-04-30,0.0019791469472474343,2.401
1931-05-31,0.0019905618985398554,2.415
1931-06-30,0.0020076816438103773,2.4359999999999995
1931-07-31,0.00202479817220258,2.457
1931-08-31,0.002041911484980341,2.478
1931-09-30,0.0020590215834062064,2.4989999999999997
1931-01-31,0.0020761284687424997,2.52
1931-11-30,0.0020875312745398666,2.5340000000000003
1931-12-31,0.002104632807529594,2.5549999999999997
1932-01-31,0.0021217311307917264,2.5759999999999996
1932-02-29,0.002104632807529594,2.5549999999999997
1932-03-31,0.0020875312745398666,2.5340000000000003
1932-04-30,0.0020704265305624414,2.513
1932-05-31,0.002053318574336549,2.492
1932-06-30,0.00203620740460031,2.4709999999999996
1932-07-31,0.0020190930200914003,2.45
1932-08-31,0.0019962688378056814,2.4219999999999997
1932-09-30,0.0019791469472474343,2.401
1932-01-31,0.0019620218377029985,2.3800000000000003
1932-11-30,0.001944893507907386,2.359
1932-12-31,0.001927761956593388,2.3379999999999996
1933-01-31,0.001910627182494462,2.3169999999999997
1933-02-28,0.0018992022086996574,2.303
1933-03-31,0.0018934891843425117,2.2959999999999994
1933-04-30,0.0018820620604742544,2.2819999999999996
1933-05-31,0.001876347960868996,2.275
1933-06-30,0.001864918686080852,2.261
1933-07-31,0.0018592035108040417,2.2539999999999996
1933-08-31,0.001847772084249577,2.2399999999999998
1933-09-30,0.0018363392227136455,2.226
1933-01-31,0.0018306222537098904,2.219
1933-11-30,0.0018191872389952124,2.205
1933-12-31,0.0018134691931899205,2.1980000000000004
1934-01-31,0.0018020320244485077,2.184
1934-02-28,0.001784873577801216,2.163
1934-03-31,0.0017734328171290503,2.149
1934-04-30,0.0017562689808165999,2.128
1934-05-31,0.0017391019090056137,2.1069999999999998
1934-06-30,0.0017219316004204455,2.086
1934-07-31,0.0017104829291922918,2.072
1934-08-31,0.0016933072231470891,2.051
1934-09-30,0.0016761282769228725,2.03
1934-01-31,0.001658946089240887,2.009
1934-11-30,0.0016474894960114561,1.9949999999999999
1934-12-31,0.0016303019030574628,1.9739999999999998
1935-01-31,0.001613111065233097,1.9529999999999998
1935-02-28,0.0016073800646547731,1.9459999999999997
1935-03-31,0.0016016487033452265,1.9389999999999998
1935-04-30,0.0015959169812573837,1.9319999999999997
1935-05-31,0.0015844524545565175,1.918
1935-06-30,0.001578719649848237,1.9109999999999998
1935-07-31,0.0015729864841718122,1.9040000000000001
1935-08-31,0.0015672529574792815,1.8969999999999998
1935-09-30,0.0015615190697231274,1.8900000000000001
1935-01-31,0.0015557848208560543,1.883
1935-11-30,0.001544315239598637,1.8689999999999998
1935-12-31,0.0015385799071130357,1.862
1936-01-31,0.0015328442133260012,1.8549999999999998
1936-02-29,0.0015328442133260012,1.8549999999999998
1936-03-31,0.0015385799071130357,1.862
1936-04-30,0.0015385799071130357,1.862
1936-05-31,0.0015385799071130357,1.862
1936-06-30,0.0015385799071130357,1.862
1936-07-31,0.001544315239598637,1.8689999999999998
1936-08-31,0.001544315239598637,1.8689999999999998
1936-09-30,0.001544315239598637,1.8689999999999998
1936-01-31,0.001544315239598637,1.8689999999999998
1936-11-30,0.0015500502108303227,1.876
1936-12-31,0.0015500502108303227,1.876
1937-01-31,0.0015500502108303227,1.876
1937-02-28,0.001544315239598637,1.8689999999999998
1937-03-31,0.0015385799071130357,1.862
1937-04-30,0.0015328442133260012,1.8549999999999998
1937-05-31,0.001527108158190238,1.848
1937-06-30,0.0015213717416577843,1.841
1937-07-31,0.0015156349636813449,1.8339999999999999
1937-08-31,0.001509897824212958,1.8269999999999997
1937-09-30,0.001504160323205328,1.82
1937-01-31,0.0014984224606104934,1.8129999999999997
1937-11-30,0.0014926842363811588,1.806
1937-12-31,0.0014869456504695844,1.7989999999999995
1938-01-31,0.0014812067028278086,1.7919999999999998
1938-02-28,0.001469727722163583,1.7779999999999998
1938-03-31,0.0014639876890456538,1.771
1938-04-30,0.001452506536999687,1.7569999999999995
1938-05-31,0.001441023936888941,1.743
1938-06-30,0.0014352820936898159,1.7359999999999998
1938-07-31,0.0014237973207655852,1.722
1938-08-31,0.0014123110988211174,1.7079999999999997
1938-09-30,0.0014065674443468623,1.701
1938-01-31,0.0013950790481553899,1.687
1938-11-30,0.0013835892019880003,1.6729999999999998
1938-12-31,0.0013778437350435713,1.6659999999999997
1939-01-31,0.0013663517131943248,1.652
1939-02-28,0.001360605158193584,1.645
1939-03-31,0.001354858240411927,1.638
1939-04-30,0.0013433633163131287,1.6239999999999997
1939-05-31,0.0013376153099005084,1.6169999999999998
1939-06-30,0.001331866940514903,1.6099999999999999
1939-07-31,0.0013261182081087952,1.603
1939-08-31,0.0013146196540423372,1.5890000000000002
1939-09-30,0.0013088698322862857,1.5819999999999996
1939-01-31,0.0013031196473178852,1.575
1939-11-30,0.0012973690990887299,1.5680000000000003
1939-12-31,0.0012858669126571964,1.554
1940-01-31,0.001280115274358673,1.5469999999999997
1940-02-29,0.0012686109073560825,1.533
1940-03-31,0.0012571050861591715,1.519
1940-04-30,0.0012455978103835808,1.5049999999999997
1940-05-31,0.0012283341685439542,1.484
1940-06-30,0.00121682325463901,1.47
1940-07-31,0.0012053108848086858,1.4559999999999997
1940-08-31,0.0011937970586681779,1.442
1940-09-30,0.001182281775831795,1.428
1940-01-31,0.0011707650359147337,1.4139999999999997
1940-11-30,0.0011534871931684343,1.393
1940-12-31,0.001141966808861472,1.3789999999999998
1941-01-31,0.0011304449661233562,1.365
1941-02-28,0.0011534871931684343,1.393
1941-03-31,0.001182281775831795,1.428
1941-04-30,0.0012053108848086858,1.4559999999999997
1941-05-31,0.0012283341685439542,1.484
1941-06-30,0.001251351630117803,1.512
1941-07-31,0.001280115274358673,1.5469999999999997
1941-08-31,0.0013031196473178852,1.575
1941-09-30,0.0013261182081087952,1.603
1941-01-31,0.0013491109598009476,1.6310000000000002
1941-11-30,0.0013778437350435713,1.6659999999999997
1941-12-31,0.0014008234274742737,1.6939999999999997
1942-01-31,0.0014237973207655852,1.722
1942-02-28,0.0014237973207655852,1.722
1942-03-31,0.0014237973207655852,1.722
1942-04-30,0.0014237973207655852,1.722
1942-05-31,0.0014237973207655852,1.722
1942-06-30,0.0014237973207655852,1.722
1942-07-31,0.001429539888331277,1.729
1942-08-31,0.001429539888331277,1.729
1942-09-30,0.001429539888331277,1.729
1942-01-31,0.001429539888331277,1.729
1942-11-30,0.001429539888331277,1.729
1942-12-31,0.001429539888331277,1.729
1943-01-31,0.001429539888331277,1.729
1943-02-28,0.001429539888331277,1.729
1943-03-31,0.001429539888331277,1.729
1943-04-30,0.001429539888331277,1.729
1943-05-31,0.001429539888331277,1.729
1943-06-30,0.001429539888331277,1.729
1943-07-31,0.0014352820936898159,1.7359999999999998
1943-08-31,0.0014352820936898159,1.7359999999999998
1943-09-30,0.0014352820936898159,1.7359999999999998
1943-01-31,0.0014352820936898159,1.7359999999999998
1943-11-30,0.0014352820936898159,1.7359999999999998
1943-12-31,0.0014352820936898159,1.7359999999999998
1944-01-31,0.0014352820936898159,1.7359999999999998
1944-02-29,0.001429539888331277,1.729
1944-03-31,0.0014237973207655852,1.722
1944-04-30,0.0014180543909447785,1.7149999999999999
1944-05-31,0.0014123110988211174,1.7079999999999997
1944-06-30,0.0014065674443468623,1.701
1944-07-31,0.0014065674443468623,1.701
1944-08-31,0.0014008234274742737,1.6939999999999997
1944-09-30,0.0013950790481553899,1.687
1944-01-31,0.0013893343063426933,1.68
1944-11-30,0.0013835892019880003,1.6729999999999998
1944-12-31,0.0013778437350435713,1.6659999999999997
1945-01-31,0.0013720979054616667,1.659
1945-02-28,0.0013663517131943248,1.652
1945-03-31,0.001354858240411927,1.638
1945-04-30,0.0013491109598009476,1.6310000000000002
1945-05-31,0.0013376153099005084,1.6169999999999998
1945-06-30,0.001331866940514903,1.6099999999999999
1945-07-31,0.001320369112633779,1.5959999999999999
1945-08-31,0.0013146196540423372,1.5890000000000002
1945-09-30,0.0013031196473178852,1.575
1945-01-31,0.0012973690990887299,1.5680000000000003
1945-11-30,0.0012858669126571964,1.554
1945-12-31,0.001280115274358673,1.5469999999999997
1946-01-31,0.0012686109073560825,1.533
1946-02-28,0.0012743632726075482,1.54
1946-03-31,0.0012743632726075482,1.54
1946-04-30,0.001280115274358673,1.5469999999999997
1946-05-31,0.001280115274358673,1.5469999999999997
1946-06-30,0.0012858669126571964,1.554
1946-07-31,0.0012858669126571964,1.554
1946-08-31,0.0012916181875513022,1.561
1946-09-30,0.0012916181875513022,1.561
1946-01-31,0.0012973690990887299,1.5680000000000003
1946-11-30,0.0012973690990887299,1.5680000000000003
1946-12-31,0.0013031196473178852,1.575
1947-01-31,0.0013031196473178852,1.575
1947-02-28,0.0013146196540423372,1.5890000000000002
1947-03-31,0.001320369112633779,1.5959999999999999
1947-04-30,0.001331866940514903,1.6099999999999999
1947-05-31,0.0013376153099005084,1.6169999999999998
1947-06-30,0.0013491109598009476,1.6310000000000002
1947-07-31,0.001360605158193584,1.645
1947-08-31,0.0013663517131943248,1.652
1947-09-30,0.0013778437350435713,1.6659999999999997
1947-01-31,0.0013835892019880003,1.6729999999999998
1947-11-30,0.0013950790481553899,1.687
1947-12-31,0.0014008234274742737,1.6939999999999997
1948-01-31,0.0014123110988211174,1.7079999999999997
1948-02-29,0.0014065674443468623,1.701
1948-03-31,0.0014008234274742737,1.6939999999999997
1948-04-30,0.0013950790481553899,1.687
1948-05-31,0.0013893343063426933,1.68
1948-06-30,0.0013835892019880003,1.6729999999999998
1948-07-31,0.0013778437350435713,1.6659999999999997
1948-08-31,0.0013663517131943248,1.652
1948-09-30,0.001360605158193584,1.645
1948-01-31,0.001354858240411927,1.638
1948-11-30,0.0013491109598009476,1.6310000000000002
1948-12-31,0.0013433633163131287,1.6239999999999997
1949-01-31,0.0013376153099005084,1.6169999999999998
1949-02-28,0.0013376153099005084,1.6169999999999998
1949-03-31,0.0013376153099005084,1.6169999999999998
1949-04-30,0.0013376153099005084,1.6169999999999998
1949-05-31,0.0013376153099005084,1.6169999999999998
1949-06-30,0.0013376153099005084,1.6169999999999998
1949-07-31,0.0013433633163131287,1.6239999999999997
1949-08-31,0.0013433633163131287,1.6239999999999997
1949-09-30,0.0013433633163131287,1.6239999999999997
1949-01-31,0.0013433633163131287,1.6239999999999997
1949-11-30,0.0013433633163131287,1.6239999999999997
1949-12-31,0.0013433633163131287,1.6239999999999997
1950-01-31,0.0013433633163131287,1.6239999999999997
1950-02-28,0.001354858240411927,1.638
1950-03-31,0.0013663517131943248,1.652
1950-04-30,0.0013778437350435713,1.6659999999999997
1950-05-31,0.0013893343063426933,1.68
1950-06-30,0.0014008234274742737,1.6939999999999997
1950-07-31,0.0014180543909447785,1.7149999999999999
1950-08-31,0.001429539888331277,1.729
1950-09-30,0.001441023936888941,1.743
1950-01-31,0.001452506536999687,1.7569999999999995
1950-11-30,0.0014639876890456538,1.771
1950-12-31,0.001475467393408314,1.7849999999999997
1951-01-31,0.0014869456504695844,1.7989999999999995
1951-02-28,0.0014926842363811588,1.806
1951-03-31,0.0014984224606104934,1.8129999999999997
1951-04-30,0.001504160323205328,1.82
1951-05-31,0.001509897824212958,1.8269999999999997
1951-06-30,0.0015156349636813449,1.8339999999999999
1951-07-31,0.0015213717416577843,1.841
1951-08-31,0.0015213717416577843,1.841
1951-09-30,0.001527108158190238,1.848
1951-01-31,0.0015328442133260012,1.8549999999999998
1951-11-30,0.0015385799071130357,1.862
1951-12-31,0.001544315239598637,1.8689999999999998
1952-01-31,0.0015500502108303227,1.876
1952-02-29,0.0015557848208560543,1.883
1952-03-31,0.0015672529574792815,1.8969999999999998
1952-04-30,0.0015729864841718122,1.9040000000000001
1952-05-31,0.001578719649848237,1.9109999999999998
1952-06-30,0.0015844524545565175,1.918
1952-07-31,0.0015959169812573837,1.9319999999999997
1952-08-31,0.0016016487033452265,1.9389999999999998
1952-09-30,0.0016073800646547731,1.9459999999999997
1952-01-31,0.001613111065233097,1.9529999999999998
1952-11-30,0.0016245719843870354,1.967
1952-12-31,0.0016303019030574628,1.9739999999999998
1953-01-31,0.0016360314611867377,1.981
1953-02-28,0.00161884170512816,1.9599999999999995
1953-03-31,0.0016016487033452265,1.9389999999999998
1953-04-30,0.0016360314611867377,1.981
1953-05-31,0.0017619906190242673,2.135
1953-06-30,0.001796312901418018,2.1769999999999996
1953-07-31,0.0016933072231470891,2.051
1953-08-31,0.0017047580537850049,2.0650000000000004
1953-09-30,0.001658946089240887,2.009
1953-01-31,0.0015385799071130357,1.862
1953-11-30,0.0015500502108303227,1.876
1953-12-31,0.0014984224606104934,1.8129999999999997
1954-01-31,0.0014352820936898159,1.7359999999999998
1954-02-28,0.001429539888331277,1.729
1954-03-31,0.0013720979054616667,1.659
1954-04-30,0.0013261182081087952,1.603
1954-05-31,0.0013720979054616667,1.659
1954-06-30,0.0013778437350435713,1.6659999999999997
1954-07-31,0.001331866940514903,1.6099999999999999
1954-08-31,0.0013663517131943248,1.652
1954-09-30,0.0013778437350435713,1.6659999999999997
1954-01-31,0.0014065674443468623,1.701
1954-11-30,0.0014352820936898159,1.7359999999999998
1954-12-31,0.001452506536999687,1.7569999999999995
1955-01-31,0.001509897824212958,1.8269999999999997
1955-02-28,0.0015328442133260012,1.8549999999999998
1955-03-31,0.0015500502108303227,1.876
1955-04-30,0.0015901848983437272,1.925
1955-05-31,0.0015959169812573837,1.9319999999999997
1955-06-30,0.0016073800646547731,1.9459999999999997
1955-07-31,0.0016761282769228725,2.03
1955-08-31,0.0017162074447216735,2.0789999999999997
1955-09-30,0.0017162074447216735,2.0789999999999997
1955-01-31,0.0016646738453758303,2.0159999999999996
1955-11-30,0.0016704012412538383,2.023
1955-12-31,0.0017104829291922918,2.072
1956-01-31,0.0016761282769228725,2.03
1956-02-29,0.0016417606588221556,1.9879999999999998
1956-03-31,0.0017104829291922918,2.072
1956-04-30,0.0018363392227136455,2.226
1956-05-31,0.0017734328171290503,2.149
1956-06-30,0.00173337883251512,2.0999999999999996
1956-07-31,0.001796312901418018,2.1769999999999996
1956-08-31,0.0019220507233770334,2.331
1956-09-30,0.0019506033090563868,2.3659999999999997
1956-01-31,0.001927761956593388,2.3379999999999996
1956-11-30,0.00201338751064295,2.443
1956-12-31,0.0020704265305624414,2.513
1957-01-31,0.0019962688378056814,2.4219999999999997
1957-02-28,0.001927761956593388,2.3379999999999996
1957-03-31,0.0019677305652943122,2.387
1957-04-30,0.0020076816438103773,2.4359999999999995
1957-05-31,0.0020761284687424997,2.52
1957-06-30,0.002190092351739059,2.6599999999999997
1957-07-31,0.002264092503740045,2.751
1957-08-31,0.002264092503740045,2.751
1957-09-30,0.00225840231765706,2.7439999999999998
1957-01-31,0.002286849695198878,2.779
1957-11-30,0.00214452390440778,2.604
1957-12-31,0.0018534879768759005,2.247
1958-01-31,0.001784873577801216,2.163
1958-02-28,0.0017619906190242673,2.135
1958-03-31,0.0017219316004204455,2.086
1958-04-30,0.0016646738453758303,2.0159999999999996
1958-05-31,0.0016875812678220914,2.044
1958-06-30,0.0017162074447216735,2.0789999999999997
1958-07-31,0.001847772084249577,2.2399999999999998
1958-08-31,0.002041911484980341,2.478
1958-09-30,0.0021673109770634635,2.6319999999999997
1958-01-31,0.002190092351739059,2.6599999999999997
1958-11-30,0.0021559181531694005,2.6180000000000003
1958-12-31,0.002224253736554216,2.7019999999999995
1959-01-31,0.002315288194036702,2.813999999999999
1959-02-28,0.002281160930172277,2.7719999999999994
1959-03-31,0.0022982261598538667,2.793
1959-04-30,0.0023721385787647264,2.884
1959-05-31,0.0024800566958853576,3.017
1959-06-30,0.002497084722429488,3.038
1959-07-31,0.0025311312339049152,3.08
1959-08-31,0.0025481497213200033,3.1009999999999995
1959-09-30,0.002689847008708224,3.276
1959-01-31,0.0026048550730264353,3.1709999999999994
1959-11-30,0.0026048550730264353,3.1709999999999994
1959-12-31,0.0026955103210091202,3.283
1960-01-31,0.00271249814709118,3.304
1960-02-29,0.0025821771657084103,3.143
1960-03-31,0.0024459910949696795,2.9749999999999996
1960-04-30,0.0024630254871467194,2.996
1960-05-31,0.0025027600243381354,3.0449999999999995
1960-06-30,0.002389186780230812,2.905
1960-07-31,0.0022470208793048396,2.73
1960-08-31,0.002190092351739059,2.6599999999999997
1960-09-30,0.002190092351739059,2.6599999999999997
1960-01-31,0.0022413296269425675,2.723
1960-11-30,0.002264092503740045,2.751
1960-12-31,0.0022128680314128513,2.6879999999999997
1961-01-31,0.0022128680314128513,2.6879999999999997
1961-02-28,0.00217870237646256,2.646
1961-03-31,0.0021559181531694005,2.6180000000000003
1961-04-30,0.00217870237646256,2.646
1961-05-31,0.002138826245585257,2.597
1961-06-30,0.002235638019061126,2.716
1961-07-31,0.00225840231765706,2.7439999999999998
1961-08-31,0.0023266611088326172,2.8279999999999994
1961-09-30,0.0022925381050773463,2.786
1961-01-31,0.00225840231765706,2.7439999999999998
1961-11-30,0.0022697823344890455,2.7579999999999996
1961-12-31,0.0023380326043331845,2.8419999999999996
1962-01-31,0.002349402680908552,2.856
1962-02-28,0.0023266611088326172,2.8279999999999994
1962-03-31,0.002264092503740045,2.751
1962-04-30,0.0022128680314128513,2.6879999999999997
1962-05-31,0.002229946055613885,2.7089999999999996
1962-06-30,0.0022527117761941273,2.7369999999999997
1962-07-31,0.0023096012042873593,2.8069999999999995
1962-08-31,0.0022925381050773463,2.786
1962-09-30,0.0022925381050773463,2.786
1962-01-31,0.002264092503740045,2.751
1962-11-30,0.00225840231765706,2.7439999999999998
1962-12-31,0.002224253736554216,2.7019999999999995
1963-01-31,0.002207174645238119,2.681
1963-02-28,0.00225840231765706,2.7439999999999998
1963-03-31,0.002264092503740045,2.751
1963-04-30,0.002286849695198878,2.779
1963-05-31,0.002264092503740045,2.751
1963-06-30,0.0022982261598538667,2.793
1963-07-31,0.002315288194036702,2.813999999999999
1963-08-31,0.0023039138595752906,2.8
1963-09-30,0.002349402680908552,2.856
1963-01-31,0.002366455136096901,2.8770000000000002
1963-11-30,0.0023721385787647264,2.884
1963-12-31,0.0023778216669789742,2.8909999999999996
1964-01-31,0.0024005504762221186,2.9189999999999996
1964-02-29,0.002389186780230812,2.905
1964-03-31,0.0024289535181099,2.9539999999999993
1964-04-30,0.0024346330643270075,2.9610000000000003
1964-05-31,0.0024175933636538804,2.94
1964-06-30,0.0024005504762221186,2.9189999999999996
1964-07-31,0.0024119127553223763,2.9330000000000003
1964-08-31,0.0024119127553223763,2.9330000000000003
1964-09-30,0.0024175933636538804,2.94
1964-01-31,0.0024119127553223763,2.9330000000000003
1964-11-30,0.002389186780230812,2.905
1964-12-31,0.0024062317928605914,2.9259999999999993
1965-01-31,0.0024119127553223763,2.9330000000000003
1965-02-28,0.002423273617900845,2.9469999999999996
1965-03-31,0.002423273617900845,2.9469999999999996
1965-04-30,0.0024175933636538804,2.94
1965-05-31,0.002423273617900845,2.9469999999999996
1965-06-30,0.002423273617900845,2.9469999999999996
1965-07-31,0.0024175933636538804,2.94
1965-08-31,0.0024459910949696795,2.9749999999999996
1965-09-30,0.0024687029103802605,3.0029999999999997
1965-01-31,0.0025027600243381354,3.0449999999999995
1965-11-30,0.002559493614394004,3.115
1965-12-31,0.0026558597438313125,3.2339999999999995
1966-01-31,0.0026501939674128394,3.227
1966-02-28,0.0027747597714447014,3.381
1966-03-31,0.0027973898230790883,3.4089999999999994
1966-04-30,0.002729482807901862,3.3249999999999993
1966-05-31,0.002746464304674179,3.3459999999999996
1966-06-30,0.0027634426386404787,3.367
1966-07-31,0.002882202521178545,3.513999999999999
1966-08-31,0.002995163529353473,3.6539999999999995
1966-09-30,0.0029725825208830603,3.6259999999999994
1966-01-31,0.002876550795315458,3.5069999999999997
1966-11-30,0.0029612899191977515,3.612
1966-12-31,0.0027804178110317768,3.3879999999999995
1967-01-31,0.0026331945247759503,3.206
1967-02-28,0.00266152516809548,3.241
1967-03-31,0.002610523668325593,3.1780000000000004
1967-04-30,0.0026388613579308995,3.213
1967-05-31,0.0027860754994695203,3.3949999999999996
1967-06-30,0.002882202521178545,3.513999999999999
1967-07-31,0.0029612899191977515,3.612
1967-08-31,0.0030290245602366817,3.696
1967-09-30,0.0030403087768253734,3.7099999999999995
1967-01-31,0.003141803938155663,3.836
1967-11-30,0.003293835199261963,4.025
1967-12-31,0.0032657003754898994,3.9899999999999998
1968-01-31,0.003169977002854374,3.871
1968-02-29,0.0031868766649973956,3.8919999999999995
1968-03-31,0.003288208928765579,4.018
1968-04-30,0.00323192712677578,3.9479999999999995
1968-05-31,0.0033613233889255856,4.109
1968-06-30,0.0032769553464755408,4.004
1968-07-31,0.0031530742084739938,3.85
1968-08-31,0.0031079847677293326,3.7939999999999996
1968-09-30,0.003130532274832065,3.8219999999999996
1968-01-31,0.0031981413668931147,3.9059999999999997
1968-11-30,0.0032657003754898994,3.9899999999999998
1968-12-31,0.0034512300384268446,4.221
1969-01-31,0.003456846262914759,4.228
1969-02-28,0.003541048165713656,4.333
1969-03-31,0.003602746873047291,4.41
1969-04-30,0.0035298257346336737,4.319
1969-05-31,0.0036139603384244268,4.424
1969-06-30,0.0037540125004495994,4.599
1969-07-31,0.0038379407339397265,4.703999999999999
1969-08-31,0.003821161261287731,4.683
1969-09-30,0.004083685893488953,5.012
1969-01-31,0.0040502141257032775,4.97
1969-11-30,0.004072530001283825,4.997999999999999
1969-12-31,0.004356580254899045,5.3549999999999995
1970-01-31,0.004434400487130619,5.452999999999999
1970-02-28,0.004128295833203177,5.0680000000000005
1970-03-31,0.004033473637871321,4.949
1970-04-30,0.004211880757152731,5.172999999999999
1970-05-31,0.004501050797082851,5.537
1970-06-30,0.004462177361890918,5.4879999999999995
1970-07-31,0.004250860880296914,5.2219999999999995
1970-08-31,0.004289824367341932,5.271
1970-09-30,0.004211880757152731,5.172999999999999
1970-01-31,0.004178455970789363,5.131
1970-11-30,0.0039050277899019825,4.788
1970-12-31,0.0036531966177399955,4.473
1971-01-31,0.0035690982053147025,4.368
1971-02-28,0.003496150155955835,4.276999999999999
1971-03-31,0.0032657003754898994,3.9899999999999998
1971-04-30,0.0033388328735663997,4.0809999999999995
1971-05-31,0.0036531966177399955,4.473
1971-06-30,0.0037260192600250264,4.563999999999999
1971-07-31,0.003843533205954097,4.711
1971-08-31,0.003759610118162504,4.606
1971-09-30,0.0035129894991474675,4.298
1971-01-31,0.0033950487677649743,4.151
1971-11-30,0.0033275855359748974,4.067
1971-12-31,0.0033950487677649743,4.151
1972-01-31,0.003406287790353346,4.165
1972-02-29,0.0034793077038592912,4.256
1972-03-31,0.0034736928620853202,4.249
1972-04-30,0.003541048165713656,4.333
1972-05-31,0.0035073767301101455,4.2909999999999995
1972-06-30,0.003496150155955835,4.276999999999999
1972-07-31,0.003496150155955835,4.276999999999999
1972-08-31,0.0035522692164793312,4.347
1972-09-30,0.0037428162347838967,4.585
1972-01-31,0.003703618482808979,4.5360000000000005
1972-11-30,0.003591532029306288,4.396000000000001
1972-12-31,0.003636383135503296,4.452
1973-01-31,0.0036924160316054166,4.522
1973-02-28,0.003793188615535348,4.648
1973-03-31,0.0038323479191864074,4.696999999999999
1973-04-30,0.0038099732319063495,4.669
1973-05-31,0.003910616152473123,4.794999999999999
1973-06-30,0.0039385528336748354,4.83
1973-07-31,0.0040669515438502835,4.991
1973-08-31,0.00421745036527299,5.180000000000001
1973-09-30,0.004044634304226857,4.963
1973-01-31,0.003877080842983327,4.752999999999999
1973-11-30,0.003843533205954097,4.711
1973-12-31,0.0038491253352737065,4.718
1974-01-31,0.003988817320679905,4.893
1974-02-28,0.003972065567257266,4.871999999999999
1974-03-31,0.004111569660506076,5.047
1974-04-30,0.004278693639167441,5.257
1974-05-31,0.004317645252370328,5.306
1974-06-30,0.0042953892225934265,5.278
1974-07-31,0.004445512250998318,5.467
1974-08-31,0.004573200446291725,5.627999999999998
1974-09-30,0.004573200446291725,5.627999999999998
1974-01-31,0.004495498462259606,5.529999999999999
1974-11-30,0.004373261603323408,5.3759999999999994
1974-12-31,0.004234157151174367,5.201
1975-01-31,0.004273127766158069,5.25
1975-02-28,0.004211880757152731,5.172999999999999
1975-03-31,0.00440105708003502,5.4110000000000005
1975-04-30,0.004678547506882458,5.760999999999999
1975-05-31,0.004584295334737032,5.6419999999999995
1975-06-30,0.004473285746381617,5.502
1975-07-31,0.004584295334737032,5.6419999999999995
1975-08-31,0.004772702516142591,5.88
1975-09-30,0.0047893080356646855,5.900999999999999
1975-01-31,0.0046286614147474925,5.6979999999999995
1975-11-30,0.004578748059000715,5.635
1975-12-31,0.0045510066248739545,5.6
1976-01-31,0.004406615160165828,5.417999999999999
1976-02-29,0.004434400487130619,5.452999999999999
1976-03-31,0.00440105708003502,5.4110000000000005
1976-04-30,0.004306517915641184,5.292
1976-05-31,0.004495498462259606,5.529999999999999
1976-06-30,0.004473285746381617,5.502
1976-07-31,0.00445662266285729,5.480999999999999
1976-08-31,0.004423287370910467,5.438999999999999
1976-09-30,0.004323208412223112,5.313
1976-01-31,0.004223019633621039,5.187
1976-11-30,0.004156165978945081,5.103
1976-12-31,0.003921791851153156,4.808999999999999
1977-01-31,0.004111569660506076,5.047
1977-02-28,0.004211880757152731,5.172999999999999
1977-03-31,0.004250860880296914,5.2219999999999995
1977-04-30,0.004200740521422608,5.159
1977-05-31,0.004250860880296914,5.2219999999999995
1977-06-30,0.004150592630469019,5.096
1977-07-31,0.004178455970789363,5.131
1977-08-31,0.00421745036527299,5.180000000000001
1977-09-30,0.0041840276184526015,5.138
1977-01-31,0.004284259172880889,5.263999999999999
1977-11-30,0.004317645252370328,5.306
1977-12-31,0.00437882137561707,5.383
1978-01-31,0.004528807408468838,5.572
1978-02-28,0.0045676524965674314,5.6209999999999996
1978-03-31,0.004573200446291725,5.627999999999998
1978-04-30,0.004634205659655111,5.705
1978-05-31,0.004745019940111339,5.844999999999999
1978-06-30,0.004805910537016844,5.922000000000001
1978-07-31,0.004905462227738022,6.048
1978-08-31,0.004778238024739645,5.887
1978-09-30,0.004783773197899466,5.893999999999999
1978-01-31,0.004905462227738022,6.048
1978-11-30,0.004999383762332554,6.167
1978-12-31,0.005109756215762262,6.307
1979-01-31,0.005159380356001053,6.369999999999999
1979-02-28,0.005159380356001053,6.369999999999999
1979-03-31,0.005170404283880714,6.3839999999999995
1979-04-30,0.005203468090299701,6.426
1979-05-31,0.005242027417172723,6.4750000000000005
1979-06-30,0.005054586655164117,6.236999999999999
1979-07-31,0.005076658476914631,6.265
1979-08-31,0.005120786131716182,6.320999999999999
1979-09-30,0.005286075306406124,6.531
1979-01-31,0.005818473766256771,7.21
1979-11-30,0.006009817699027531,7.454999999999999
1979-12-31,0.005867714744755448,7.273000000000001
1980-01-31,0.006091699845242049,7.5600000000000005
1980-02-29,0.006965984192881969,8.687000000000001
1980-03-31,0.007149552381334745,8.924999999999999
1980-04-30,0.006456547853419536,8.029
1980-05-31,0.005752777852004343,7.1259999999999994
1980-06-30,0.005533449909177479,6.845999999999999
1980-07-31,0.00579110620481349,7.175
1980-08-31,0.0062552445562169545,7.77
1980-09-30,0.006478283865779311,8.056999999999999
1980-01-31,0.006608591620866022,8.225
1980-11-30,0.007111789007359759,8.876
1980-12-31,0.007198082415684537,8.988
1981-01-31,0.0070524150744557534,8.799
1981-02-28,0.007386566202324696,9.232999999999999
1981-03-31,0.007348900468311381,9.183999999999997
1981-04-30,0.0076497935046657695,9.576
1981-05-31,0.007874816436424181,9.869999999999997
1981-06-30,0.007537074421477552,9.429
1981-07-31,0.007971085910902564,9.995999999999999
1981-08-31,0.008323211267190711,10.457999999999998
1981-09-30,0.00852533816230916,10.724
1981-01-31,0.00843496805739452,10.604999999999999
1981-11-30,0.0074940973051564885,9.373000000000001
1981-12-31,0.007671248088976013,9.604
1982-01-31,0.008136646627687538,10.213
1982-02-28,0.008051233285114368,10.100999999999999
1982-03-31,0.00774629958959161,9.702
1982-04-30,0.007751658059050204,9.708999999999998
1982-05-31,0.007617602203626284,9.533999999999999
1982-06-30,0.007981776278479069,10.010000000000002
1982-07-31,0.007794514535632624,9.764999999999999
1982-08-31,0.0073166032185598695,9.142
1982-09-30,0.006928145006566799,8.638
1982-01-31,0.006151700197001064,7.637
1982-11-30,0.0059551888452265,7.385
1982-12-31,0.005949724164626691,7.377999999999998
1983-01-31,0.005905994959996885,7.322000000000001
1983-02-28,0.00604803849022062,7.504
1983-03-31,0.005933328163263418,7.356999999999999
1983-04-30,0.005873184328144543,7.28
1983-05-31,0.005862244834186736,7.266
1983-06-30,0.00611897761178537,7.594999999999999
1983-07-31,0.006407622937591562,7.966000000000001
1983-08-31,0.00666283180057059,8.295
1983-09-30,0.006554319272588316,8.155
1983-01-31,0.006494582487136968,8.078
1983-11-30,0.006576032074681271,8.182999999999998
1983-12-31,0.006651986336202009,8.280999999999999
1984-01-31,0.006565176317644639,8.169
1984-02-29,0.006657409229049893,8.288
1984-03-31,0.006917330936955679,8.624
1984-04-30,0.007084805629314239,8.841
1984-05-31,0.0075048434749349635,9.386999999999999
1984-06-30,0.007585399585708252,9.491999999999999
1984-07-31,0.007477975686052574,9.351999999999999
1984-08-31,0.00713336998539571,8.904
1984-09-30,0.007025414188647883,8.764
1984-01-31,0.006830772356376302,8.512
1984-11-30,0.006510878205771231,8.098999999999998
1984-12-31,0.006472850346757042,8.05
1985-01-31,0.006407622937591562,7.966000000000001
1985-02-28,0.006478283865779311,8.056999999999999
1985-03-31,0.006668254050804068,8.302
1985-04-30,0.006434806676175464,8.001
1985-05-31,0.00611897761178537,7.594999999999999
1985-06-30,0.005741823942308599,7.111999999999999
1985-07-31,0.005823946295736793,7.217
1985-08-31,0.005834890372215629,7.231
1985-09-30,0.0058567745963973294,7.258999999999999
1985-01-31,0.00578563170942914,7.167999999999999
1985-11-30,0.005533449909177479,6.845999999999999
1985-12-31,0.005247534564522871,6.482
1986-01-31,0.005208977561798278,6.433
1986-02-28,0.004938622031196882,6.089999999999999
1986-03-31,0.004428844098086193,5.446
1986-04-30,0.004161738987171537,5.109999999999999
1986-05-31,0.004389939904691165,5.396999999999999
1986-06-30,0.004439956538087042,5.46
1986-07-31,0.004161738987171537,5.109999999999999
1986-08-31,0.004089263328347581,5.019
1986-09-30,0.004245293310159326,5.215
1986-01-31,0.004234157151174367,5.201
1986-11-30,0.0041338705431108735,5.074999999999999
1986-12-31,0.0040557936061036415,4.976999999999999
1987-01-31,0.00403905414163086,4.956
1987-02-28,0.0041338705431108735,5.074999999999999
1987-03-31,0.0041338705431108735,5.074999999999999
1987-04-30,0.0045621042097849784,5.613999999999999
1987-05-31,0.0048888778113453935,6.026999999999999
1987-06-30,0.004772702516142591,5.88
1987-07-31,0.004800376705180742,5.914999999999999
1987-08-31,0.004971769803165049,6.132
1987-09-30,0.005335603818409584,6.593999999999999
1987-01-31,0.0053906040370685915,6.663999999999999
1987-11-30,0.00502698937790913,6.201999999999999
1987-12-31,0.005098724968201518,6.293
1988-01-31,0.004922043633974527,6.068999999999999
1988-02-29,0.004667464063150328,5.747
1988-03-31,0.004756093977303033,5.859
1988-04-30,0.004949672624901202,6.104
1988-05-31,0.0051538678932963045,6.3629999999999995
1988-06-30,0.00506010511047994,6.244
1988-07-31,0.00513732850961901,6.341999999999999
1988-08-31,0.005247534564522871,6.482
1988-09-30,0.005093208844963559,6.286
1988-01-31,0.004993861638155073,6.16
1988-11-30,0.005082175599362193,6.272000000000001
1988-12-31,0.0051648924861817935,6.376999999999999
1989-01-31,0.0051538678932963045,6.3629999999999995
1989-02-28,0.005197958286612403,6.419
1989-03-31,0.005302587792957114,6.552
1989-04-30,0.005203468090299701,6.426
1989-05-31,0.00502698937790913,6.201999999999999
1989-06-30,0.004706250233396769,5.795999999999999
1989-07-31,0.0045621042097849784,5.613999999999999
1989-08-31,0.0046120266603268956,5.676999999999999
1989-09-30,0.004656379274262656,5.733
1989-01-31,0.00455655558590129,5.607
1989-11-30,0.004478839431924619,5.509
1989-12-31,0.004462177361890918,5.4879999999999995
1990-01-31,0.004667464063150328,5.747
1990-02-28,0.004811444033628209,5.929
1990-03-31,0.004877819860876764,6.013
1990-04-30,0.004988339180191925,6.152999999999999
1990-05-31,0.004971769803165049,6.132
1990-06-30,0.004816977195057026,5.936
1990-07-31,0.004811444033628209,5.929
1990-08-31,0.004966246009636688,6.124999999999999
1990-09-30,0.005043548744523729,6.223
1990-01-31,0.004949672624901202,6.104
1990-11-30,0.00476716667206567,5.872999999999999
1990-12-31,0.004595388875462847,5.655999999999999
1991-01-31,0.004600935140538054,5.662999999999999
1991-02-28,0.004467731723051482,5.495
1991-03-31,0.0046120266603268956,5.676999999999999
1991-04-30,0.004573200446291725,5.627999999999998
1991-05-31,0.004589842273543532,5.649
1991-06-30,0.004706250233396769,5.795999999999999
1991-07-31,0.004700710360245219,5.788999999999999
1991-08-31,0.004495498462259606,5.529999999999999
1991-09-30,0.004356580254899045,5.3549999999999995
1991-01-31,0.004289824367341932,5.271
1991-11-30,0.0042285885622403985,5.194
1991-12-31,0.004044634304226857,4.963
1992-01-31,0.004011148210327553,4.920999999999999
1992-02-29,0.0041840276184526015,5.138
1992-03-31,0.0042953892225934265,5.278
1992-04-30,0.0042619950020788,5.236000000000001
1992-05-31,0.004211880757152731,5.172999999999999
1992-06-30,0.004139444912595547,5.082
1992-07-31,0.0039050277899019825,4.788
1992-08-31,0.0037652073925207308,4.6129999999999995
1992-09-30,0.0036700070022412934,4.494
1992-01-31,0.0037652073925207308,4.6129999999999995
1992-11-30,0.003921791851153156,4.808999999999999
1992-12-31,0.0038658996675013935,4.739
1993-01-31,0.0037708043235686883,4.62
1993-02-28,0.003580315806846812,4.382
1993-03-31,0.0034231437282512545,4.186
1993-04-30,0.003417525428357049,4.178999999999999
1993-05-31,0.003456846262914759,4.228
1993-06-30,0.0034119067824058824,4.172
1993-07-31,0.0033275855359748974,4.067
1993-08-31,0.003254444015450275,3.9759999999999995
1993-09-30,0.003074153050531603,3.752
1993-01-31,0.0030572324838509246,3.7309999999999994
1993-11-30,0.0032769553464755408,4.004
1993-12-31,0.003305086699180393,4.039
1994-01-31,0.003293835199261963,4.025
1994-02-28,0.003417525428357049,4.178999999999999
1994-03-31,0.003703618482808979,4.5360000000000005
1994-04-30,0.0039776498266939075,4.879
1994-05-31,0.004094840422435242,5.026
1994-06-30,0.0040502141257032775,4.97
1994-07-31,0.004161738987171537,5.109999999999999
1994-08-31,0.004128295833203177,5.0680000000000005
1994-09-30,0.004250860880296914,5.2219999999999995
1994-01-31,0.004406615160165828,5.417999999999999
1994-11-30,0.004528807408468838,5.572
1994-12-31,0.004445512250998318,5.467
1995-01-31,0.004428844098086193,5.446
1995-02-28,0.004256428110922306,5.228999999999999
1995-03-31,0.004105993588470858,5.04
1995-04-30,0.004027892792904941,4.941999999999999
1995-05-31,0.0037875930572892624,4.640999999999999
1995-06-30,0.0035298257346336737,4.319
1995-07-31,0.003591532029306288,4.396000000000001
1995-08-31,0.003709219192695734,4.543
1995-09-30,0.0035466588636137164,4.34
1995-01-31,0.003456846262914759,4.228
1995-11-30,0.0033950487677649743,4.151
1995-12-31,0.003271328034591958,3.997
1996-01-31,0.003237556870131053,3.955
1996-02-29,0.0033275855359748974,4.067
1996-03-31,0.0035859240904383416,4.388999999999999
1996-04-30,0.003720419581259682,4.5569999999999995
1996-05-31,0.0038491253352737065,4.718
1996-06-30,0.003944139143891023,4.837
1996-07-31,0.003921791851153156,4.808999999999999
1996-08-31,0.003793188615535348,4.648
1996-09-30,0.0038994390851183613,4.781
1996-01-31,0.0037316185951714598,4.571
1996-11-30,0.0035466588636137164,4.34
1996-12-31,0.003602746873047291,4.41
1997-01-31,0.003759610118162504,4.606
1997-02-28,0.0036700070022412934,4.494
1997-03-31,0.003821161261287731,4.683
1997-04-30,0.003932966181508846,4.823
1997-05-31,0.0038323479191864074,4.696999999999999
1997-06-30,0.003709219192695734,4.543
1997-07-31,0.0035578792243551316,4.353999999999999
1997-08-31,0.003602746873047291,4.41
1997-09-30,0.0035522692164793312,4.347
1997-01-31,0.0034512300384268446,4.221
1997-11-30,0.003366945151396017,4.116
1997-12-31,0.0033275855359748974,4.067
1998-01-31,0.003175610571535259,3.8779999999999997
1998-02-28,0.0031925091898685753,3.8989999999999996
1998-03-31,0.003237556870131053,3.955
1998-04-30,0.00323192712677578,3.9479999999999995
1998-05-31,0.003237556870131053,3.955
1998-06-30,0.0031530742084739938,3.85
1998-07-31,0.003130532274832065,3.8219999999999996
1998-08-31,0.0030628730216115674,3.7379999999999995
1998-09-30,0.0027634426386404787,3.367
1998-01-31,0.0026048550730264353,3.1709999999999994
1998-11-30,0.0027747597714447014,3.381
1998-12-31,0.0026728549603451945,3.2550000000000003
1999-01-31,0.00271249814709118,3.304
1999-02-28,0.002870898719076642,3.4999999999999996
1999-03-31,0.0030008079077974426,3.6610000000000005
1999-04-30,0.0029725825208830603,3.6259999999999994
1999-05-31,0.003175610571535259,3.8779999999999997
1999-06-30,0.00337818763700648,4.130000000000001
1999-07-31,0.0033163368112987257,4.053
1999-08-31,0.003400668452154587,4.1579999999999995
1999-09-30,0.003389428737140321,4.144
1999-01-31,0.003496150155955835,4.276999999999999
1999-11-30,0.0034512300384268446,4.221
1999-12-31,0.003591532029306288,4.396000000000001
2000-01-31,0.0038043787027999265,4.662
2000-02-29,0.0037260192600250264,4.563999999999999
2000-03-31,0.003580315806846812,4.382
2000-04-30,0.003428761682132908,4.1930000000000005
2000-05-31,0.003681212204867057,4.507999999999999
2000-06-30,0.0034905363507502507,4.27
2000-07-31,0.003462462141657463,4.234999999999999
2000-08-31,0.0033388328735663997,4.0809999999999995
2000-09-30,0.003321961347044766,4.06
2000-01-31,0.003288208928765579,4.018
2000-11-30,0.0032769553464755408,4.004
2000-12-31,0.003006451936862442,3.6679999999999997
2001-01-31,0.0029612899191977515,3.612
2001-02-28,0.002927403719995114,3.5699999999999994
2001-03-31,0.002808702742638003,3.4229999999999996
2001-04-30,0.0029499959187295755,3.597999999999999
2001-05-31,0.0030910704780853226,3.7729999999999992
2001-06-30,0.0030290245602366817,3.696
2001-07-31,0.003006451936862442,3.6679999999999997
2001-08-31,0.002853940387649745,3.4789999999999996
2001-09-30,0.0027181600523307203,3.311
2001-01-31,0.0026275273392835086,3.1990000000000003
2001-11-30,0.0026728549603451945,3.2550000000000003
2001-12-31,0.0029217547955056045,3.5629999999999997
2002-01-31,0.0028935049219582787,3.528
2002-02-28,0.002820014258510417,3.437
2002-03-31,0.0030290245602366817,3.696
2002-04-30,0.002989518801485236,3.6469999999999994
2002-05-31,0.0029612899191977515,3.612
2002-06-30,0.002831324371060706,3.450999999999999
2002-07-31,0.0026728549603451945,3.2550000000000003
2002-08-31,0.002451669579487614,2.9819999999999998
2002-09-30,0.002229946055613885,2.7089999999999996
2002-01-31,0.0022697823344890455,2.7579999999999996
2002-11-30,0.00233234703397156,2.835
2002-12-31,0.0023209748288697263,2.8209999999999997
2003-01-31,0.00233234703397156,2.835
2003-02-28,0.0022470208793048396,2.73
2003-03-31,0.0021957868054476304,2.667
2003-04-30,0.002281160930172277,2.7719999999999994
2003-05-31,0.0020590215834062064,2.4989999999999997
2003-06-30,0.0019220507233770334,2.331
2003-07-31,0.0022925381050773463,2.786
2003-08-31,0.002559493614394004,3.115
2003-09-30,0.002457347710197899,2.9889999999999994
2003-01-31,0.0024687029103802605,3.0029999999999997
2003-11-30,0.0024743799799444854,3.0099999999999993
2003-12-31,0.002457347710197899,2.9889999999999994
2004-01-31,0.002389186780230812,2.905
2004-02-29,0.002349402680908552,2.856
2004-03-31,0.002207174645238119,2.681
2004-04-30,0.0025027600243381354,3.0449999999999995
2004-05-31,0.00271249814709118,3.304
2004-06-30,0.0027181600523307203,3.311
2004-07-31,0.002587847171547919,3.15
2004-08-31,0.0024630254871467194,2.996
2004-09-30,0.0023778216669789742,2.8909999999999996
2004-01-31,0.0023607713389290907,2.869999999999999
2004-11-30,0.0024119127553223763,2.9330000000000003
2004-12-31,0.0024346330643270075,2.9610000000000003
2005-01-31,0.0024289535181099,2.9539999999999993
2005-02-28,0.0024005504762221186,2.9189999999999996
2005-03-31,0.002587847171547919,3.15
2005-04-30,0.002497084722429488,3.038
2005-05-31,0.0023835044007856077,2.8979999999999997
2005-06-30,0.0023039138595752906,2.8
2005-07-31,0.0024062317928605914,2.9259999999999993
2005-08-31,0.002451669579487614,2.9819999999999998
2005-09-30,0.0024175933636538804,2.94
2005-01-31,0.0025651650315079433,3.122
2005-11-30,0.002610523668325593,3.1780000000000004
2005-12-31,0.0025708360957343857,3.129
2006-01-31,0.0025424772452682376,3.0939999999999994
2006-02-28,0.0026275273392835086,3.1990000000000003
2006-03-31,0.00271249814709118,3.304
2006-04-30,0.002865246292416357,3.4929999999999994
2006-05-31,0.0029330522945167914,3.5770000000000004
2006-06-30,0.0029330522945167914,3.5770000000000004
2006-07-31,0.0029217547955056045,3.5629999999999997
2006-08-31,0.002803046458341951,3.4159999999999995
2006-09-30,0.00271249814709118,3.304
2006-01-31,0.0027181600523307203,3.311
2006-11-30,0.0026445278387947635,3.2199999999999998
2006-12-31,0.0026218598014082772,3.1919999999999997
2007-01-31,0.0027351436583249455,3.3319999999999994
2007-02-28,0.00271249814709118,3.304
2007-03-31,0.0026218598014082772,3.1919999999999997
2007-04-30,0.0026955103210091202,3.283
2007-05-31,0.002729482807901862,3.3249999999999993
2007-06-30,0.002927403719995114,3.5699999999999994
2007-07-31,0.002870898719076642,3.4999999999999996
2007-08-31,0.002684183344527691,3.2689999999999997
2007-09-30,0.0025991861251610793,3.1639999999999993
2007-01-31,0.0026048550730264353,3.1709999999999994
2007-11-30,0.002389186780230812,2.905
2007-12-31,0.0023607713389290907,2.869999999999999
2008-01-31,0.0021559181531694005,2.6180000000000003
2008-02-29,0.0021559181531694005,2.6180000000000003
2008-03-31,0.00202479817220258,2.457
2008-04-30,0.0021217311307917264,2.5759999999999996
2008-05-31,0.002235638019061126,2.716
2008-06-30,0.0023607713389290907,2.869999999999999
2008-07-31,0.0023096012042873593,2.8069999999999995
2008-08-31,0.0022413296269425675,2.723
2008-09-30,0.0021274298588238594,2.5829999999999997
2008-01-31,0.0021957868054476304,2.667
2008-11-30,0.00203620740460031,2.4709999999999996
2008-12-31,0.0014008234274742737,1.6939999999999997
2009-01-31,0.001458247294007009,1.764
2009-02-28,0.001658946089240887,2.009
2009-03-31,0.0016303019030574628,1.9739999999999998
2009-04-30,0.0016933072231470891,2.051
2009-05-31,0.0018992022086996574,2.303
2009-06-30,0.00214452390440778,2.604
2009-07-31,0.002053318574336549,2.492
2009-08-31,0.0020704265305624414,2.513
2009-09-30,0.0019620218377029985,2.3800000000000003
2009-01-31,0.001956312752306122,2.3729999999999998
2009-11-30,0.0019620218377029985,2.3800000000000003
2009-12-31,0.0020704265305624414,2.513
2010-01-31,0.002150221206920433,2.6109999999999998
2010-02-28,0.0021274298588238594,2.5829999999999997
2010-03-31,0.002150221206920433,2.6109999999999998
2010-04-30,0.002218561061836155,2.695
2010-05-31,0.0019734389351269144,2.394
2010-06-30,0.001847772084249577,2.2399999999999998
2010-07-31,0.0017391019090056137,2.1069999999999998
2010-08-31,0.0015615190697231274,1.8900000000000001
2010-09-30,0.0015328442133260012,1.8549999999999998
2010-01-31,0.001469727722163583,1.7779999999999998
2010-11-30,0.0015959169812573837,1.9319999999999997
2010-12-31,0.0018992022086996574,2.303
2011-01-31,0.001956312752306122,2.3729999999999998
2011-02-28,0.002064724235466109,2.506
2011-03-31,0.0019677305652943122,2.387
2011-04-30,0.0019962688378056814,2.4219999999999997
2011-05-31,0.0018306222537098904,2.219
2011-06-30,0.00173337883251512,2.0999999999999996
2011-07-31,0.00173337883251512,2.0999999999999996
2011-08-31,0.001331866940514903,1.6099999999999999
2011-09-30,0.0011477271832947,1.3859999999999997
2011-01-31,0.0012455978103835808,1.5049999999999997
2011-11-30,0.0011650061194301564,1.4069999999999996
2011-12-31,0.0011477271832947,1.3859999999999997
2012-01-31,0.001141966808861472,1.3789999999999998
2012-02-29,0.001141966808861472,1.3789999999999998
2012-03-31,0.0012571050861591715,1.519
2012-04-30,0.0011880395993610904,1.4349999999999996
2012-05-31,0.0010439846190974933,1.26
2012-06-30,0.000940123655661429,1.1340000000000001
2012-07-31,0.0008881486858660637,1.0710000000000002
2012-08-31,0.0009747571497189522,1.1759999999999997
2012-09-30,0.0009978388248854664,1.204
2012-01-31,0.0010151462400105338,1.225
2012-11-30,0.0009574420503961623,1.155
2012-12-31,0.0009978388248854664,1.204
2013-01-31,0.0011073969038091214,1.3369999999999997
2013-02-28,0.0011477271832947,1.3859999999999997
2013-03-31,0.0011362060698203447,1.3719999999999999
2013-04-30,0.001020914646977511,1.232
2013-05-31,0.0011189216645679512,1.3509999999999998
2013-06-30,0.001331866940514903,1.6099999999999999
2013-07-31,0.0014926842363811588,1.806
2013-08-31,0.0015844524545565175,1.918
2013-09-30,0.0016245719843870354,1.967
2013-01-31,0.0015156349636813449,1.8339999999999999
2013-11-30,0.0015729864841718122,1.9040000000000001
2013-12-31,0.0016761282769228725,2.03
2014-01-31,0.0016532179728019347,2.002
2014-02-28,0.0015672529574792815,1.8969999999999998
2014-03-31,0.0015729864841718122,1.9040000000000001
2014-04-30,0.0015672529574792815,1.8969999999999998
2014-05-31,0.0014812067028278086,1.7919999999999998
2014-06-30,0.001504160323205328,1.82
2014-07-31,0.001469727722163583,1.7779999999999998
2014-08-31,0.0014008234274742737,1.6939999999999997
2014-09-30,0.0014639876890456538,1.771
2014-01-31,0.001331866940514903,1.6099999999999999
2014-11-30,0.0013491109598009476,1.6310000000000002
2014-12-31,0.001280115274358673,1.5469999999999997
2015-01-31,0.0010901070258191314,1.3159999999999998
2015-02-28,0.0011477271832947,1.3859999999999997
2015-03-31,0.001182281775831795,1.428
2015-04-30,0.001124683497721879,1.358
2015-05-31,0.0012743632726075482,1.54
2015-06-30,0.0013663517131943248,1.652
2015-07-31,0.0013433633163131287,1.6239999999999997
2015-08-31,0.0012571050861591715,1.519
2015-09-30,0.0012571050861591715,1.519
2015-01-31,0.001199554153801241,1.4489999999999998
2015-11-30,0.0013088698322862857,1.5819999999999996
2015-12-31,0.0012973690990887299,1.5680000000000003
2016-01-31,0.0012110672517386956,1.4629999999999996
2016-02-29,0.001032450364090165,1.246
2016-03-31,0.0010958706834605092,1.323
2016-04-30,0.0010497511984326469,1.2670000000000001
2016-05-31,0.0010497511984326469,1.2670000000000001
2016-06-30,0.0009516696183728968,1.1479999999999997
2016-07-31,0.0008708170963593886,1.0499999999999998
2016-08-31,0.0009054769747092184,1.092
2016-09-30,0.0009458968201441209,1.1409999999999998
2016-01-31,0.001020914646977511,1.232
2016-11-30,0.0012398436269087654,1.498
2016-12-31,0.001441023936888941,1.743
2017-01-31,0.0014065674443468623,1.701
2017-02-28,0.0014008234274742737,1.6939999999999997
2017-03-31,0.0014352820936898159,1.7359999999999998
2017-04-30,0.001331866940514903,1.6099999999999999
2017-05-31,0.001331866940514903,1.6099999999999999
2017-06-30,0.0012686109073560825,1.533
2017-07-31,0.0013433633163131287,1.6239999999999997
2017-08-31,0.001280115274358673,1.5469999999999997
2017-09-30,0.0012743632726075482,1.54
2017-01-31,0.0013663517131943248,1.652
2017-11-30,0.001360605158193584,1.645
2017-12-31,0.0013893343063426933,1.68
2018-01-31,0.0014926842363811588,1.806
2018-02-28,0.0016532179728019347,2.002
2018-03-31,0.0016417606588221556,1.9879999999999998
2018-04-30,0.001658946089240887,2.009
2018-05-31,0.0017219316004204455,2.086
2018-06-30,0.0016818549524297843,2.037
2018-07-31,0.0016704012412538383,2.023
2018-08-31,0.0016704012412538383,2.023
2018-09-30,0.00173337883251512,2.0999999999999996
2018-01-31,0.0018191872389952124,2.205
2018-11-30,0.0018020320244485077,2.184
2018-12-31,0.0016360314611867377,1.981
2019-01-31,0.0015672529574792815,1.8969999999999998
2019-02-28,0.0015500502108303227,1.876
2019-03-31,0.0014869456504695844,1.7989999999999995
2019-04-30,0.0014639876890456538,1.771
2019-05-31,0.0013893343063426933,1.68
2019-06-30,0.0011937970586681779,1.442
2019-07-31,0.0009458968201441209,1.1409999999999998
2019-08-31,0.0009458968201441209,1.1409999999999998
2019-09-30,0.000986298719130696,1.1900000000000002
2019-01-31,0.0009920689549409722,1.197
2019-11-30,0.0010497511984326469,1.2670000000000001
2019-12-31,0.001078578615360648,1.302
2020-01-31,0.001020914646977511,1.232
2020-02-29,0.0008708170963593886,1.0499999999999998
2020-03-31,0.0005060889278627467,0.6089999999999999
2020-04-30,0.00038418716073240766,0.462
2020-05-31,0.00038999571328934834,0.469
2020-06-30,0.00042483924012559626,0.511
2020-07-31,0.0003609492398763958,0.43399999999999994
2020-08-31,0.00037837823716224683,0.455
2020-09-30,0.0003958038948823628,0.47600000000000003
2020-01-31,0.0004596694229601628,0.553
2020-11-30,0.0005060889278627467,0.6089999999999999
2020-12-31,0.0005408880162074414,0.651
2021-01-31,0.0006278275358686525,0.756
2021-02-28,0.000732045398484038,0.882
2021-03-31,0.0009343501248761932,1.1269999999999998
2021-04-30,0.0009516696183728968,1.1479999999999997
2021-05-31,0.000940123655661429,1.1340000000000001
2021-06-30,0.0008823718561690175,1.064
2021-07-31,0.0007667581717065719,0.924
2021-08-31,0.0007436177946029687,0.8959999999999999
2021-09-30,0.0007956753687425877,0.959
2021-01-31,0.0009170273342185009,1.106
2021-11-30,0.0009054769747092184,1.092
2021-12-31,0.0008534822048749113,1.029
2022-01-31,0.001020914646977511,1.232
2022-02-28,0.0011189216645679512,1.3509999999999998
2022-03-31,0.001234089079644951,1.4909999999999999
2022-04-30,0.0015901848983437272,1.925
2022-05-31,0.0016761282769228725,2.03
2022-06-30,0.0018134691931899205,2.1980000000000004
2022-07-31,0.0016761282769228725,2.03
2022-08-31,0.0016761282769228725,2.03
2022-09-30,0.00203050296702334,2.464
2022-01-31,0.0022925381050773463,2.786
2022-11-30,0.0022413296269425675,2.723
2022-12-31,0.0020875312745398666,2.5340000000000003
2023-01-31,0.00203620740460031,2.4709999999999996
2023-02-28,0.0021616147432015342,2.625
2023-03-31,0.002110332605191223,2.562
2023-04-30,0.0019962688378056814,2.4219999999999997
2023-05-31,0.0020590215834062064,2.4989999999999997
2023-06-30,0.0021616147432015342,2.625
2023-07-31,0.0022470208793048396,2.73
2023-08-31,0.0024005504762221186,2.9189999999999996
2023-09-30,0.0025197838098893754,3.066
2023-01-31,0.002757783545331849,3.36
2023-11-30,0.002587847171547919,3.15
2023-12-31,0.002315288194036702,2.813999999999999
2024-01-31,0.0023380326043331845,2.8419999999999996
2024-02-29,0.002423273617900845,2.9469999999999996
2024-03-31,0.002423273617900845,2.9469999999999996
2024-04-30,0.002610523668325593,3.1780000000000004
2024-05-31,0.0025765068071192943,3.1360000000000006
2024-06-30,0.0024800566958853576,3.017
2024-07-31,0.0024459910949696795,2.9749999999999996
2024-08-31,0.002229946055613885,2.7089999999999996
2024-09-30,0.00214452390440778,2.604
2024-01-31,0.0023607713389290907,2.869999999999999
2024-11-30,0.0025084349728536903,3.052
2024-12-31,0.002525457698501654,3.0729999999999995
2025-01-31,0.00266152516809548,3.241
2025-02-28,0.002559493614394004,3.115
2025-03-31,0.0024630254871467194,2.996
2025-04-30,0.0024630254871467194,2.996
2025-05-31,0.0025424772452682376,3.0939999999999994
2025-06-30,0.0025197838098893754,3.066
2025-07-31,0.002525457698501654,3.0729999999999995
2025-08-31,0.002451669579487614,2.9819999999999998
2025-09-30,0.0023721385787647264,2.884
2025-01-31,0.0023380326043331845,2.8419999999999996
2025-11-30,0.0023550871872151102,2.8629999999999995
2025-12-31,0.0023835044007856077,2.8979999999999997
2026-01-31,0.002423273617900845,2.9469999999999996
2026-02-28,0.0024630254871467194,2.996
